id,name,role,department
emp_0,Allison Hill,ML Engineer,Product
emp_1,Noah Rhodes,Software Engineer,Data Science
emp_2,Angie Henderson,DevOps Engineer,Research
emp_3,Daniel Wagner,Data Analyst,Product
emp_4,Cristian Santos,Product Manager,Research
emp_5,Connie Lawrence,Data Scientist,Research
emp_6,Abigail Shaffer,Software Engineer,Engineering
emp_7,Gina Moore,ML Engineer,Product
emp_8,Gabrielle Davis,Data Scientist,Engineering
emp_9,Ryan Munoz,Data Analyst,Research
emp_10,Monica Herrera,ML Engineer,Product
emp_11,Jamie Arnold,Software Engineer,Research
emp_12,Lisa Hensley,ML Engineer,Product
emp_13,Michele Williams,ML Engineer,Product
emp_14,Dylan Miller,Product Manager,Operations
emp_15,Brian Ramirez,Software Engineer,Engineering
emp_16,Holly Wood,Data Scientist,Operations
emp_17,Derek Zuniga,Software Engineer,Engineering
emp_18,Lisa Jackson,Data Scientist,Product
emp_19,Carla Gray,ML Engineer,Product
emp_20,Margaret Hawkins DDS,ML Engineer,Operations
emp_21,Patty Perez,Product Manager,Operations
emp_22,Ethan Adams,Product Manager,Engineering
emp_23,Tommy Walter,Data Scientist,Engineering
emp_24,Matthew Foster,Data Analyst,Data Science
emp_25,Judy Baker,Product Manager,Engineering
emp_26,Justin Baker,Software Engineer,Research
emp_27,Stephanie Ross,Product Manager,Data Science
emp_28,Zachary Hicks,DevOps Engineer,Data Science
emp_29,Anthony Rodriguez,Data Scientist,Product
emp_30,Rebecca Henderson,Software Engineer,Engineering
emp_31,James Ferrell,Software Engineer,Data Science
emp_32,Tricia Valencia,Data Analyst,Data Science
emp_33,Nathan Maldonado,Data Analyst,Engineering
emp_34,Debra Davidson,Software Engineer,Research
emp_35,Jeffrey Chavez,DevOps Engineer,Research
emp_36,Sherri Baker,Data Analyst,Data Science
emp_37,Cassandra Gaines,ML Engineer,Data Science
emp_38,Elizabeth Fowler,ML Engineer,Operations
emp_39,Brittany Farmer,Data Scientist,Data Science
emp_40,Paula Moreno,Data Analyst,Product
emp_41,Fred Smith,DevOps Engineer,Data Science
emp_42,Sherry Decker,Software Engineer,Data Science
emp_43,Anthony Humphrey,Data Analyst,Engineering
emp_44,Angelica Tucker,DevOps Engineer,Engineering
emp_45,Philip Cannon,DevOps Engineer,Data Science
emp_46,John Pierce,ML Engineer,Operations
emp_47,Shane Henderson,Software Engineer,Product
emp_48,Joshua Blair,ML Engineer,Data Science
emp_49,Eric Carney,Data Scientist,Data Science
emp_50,Jessica Holmes,DevOps Engineer,Product
emp_51,Danny Morgan,Software Engineer,Engineering
emp_52,Crystal Robinson,Software Engineer,Product
emp_53,Mark Perez,Data Analyst,Research
emp_54,Shannon Jones,DevOps Engineer,Research
emp_55,Michael Lewis,Software Engineer,Engineering
emp_56,Timothy Duncan,Data Scientist,Product
emp_57,Richard Aguirre,ML Engineer,Research
emp_58,Brent Jordan,Software Engineer,Engineering
emp_59,John Daniel,Data Scientist,Research
emp_60,Victoria Garcia,DevOps Engineer,Product
emp_61,Gerald Hensley,Data Analyst,Product
emp_62,Connor West,DevOps Engineer,Research
emp_63,Donald Wright,Product Manager,Engineering
emp_64,Jessica Callahan,DevOps Engineer,Research
emp_65,Amber Kidd,ML Engineer,Product
emp_66,Tracy House,Data Scientist,Operations
emp_67,Carol Tucker,Data Scientist,Research
emp_68,James Brown,Product Manager,Data Science
emp_69,William Baker,Software Engineer,Operations
emp_70,Jordan Henderson,Data Scientist,Product
emp_71,Whitney Peters,Product Manager,Product
emp_72,Brittney Phillips,Data Analyst,Engineering
emp_73,Lauren Daniels,Data Analyst,Product
emp_74,Amy Silva,Product Manager,Product
emp_75,Sarah Moore,Data Analyst,Operations
emp_76,Angela Lopez,Software Engineer,Operations
emp_77,Megan Young,Data Analyst,Product
emp_78,Steve Sanchez,Product Manager,Data Science
emp_79,Lisa Barnes,ML Engineer,Operations
emp_80,Kelly Donovan,Data Analyst,Operations
emp_81,Mike Allen,Data Analyst,Data Science
emp_82,Michael Evans,Product Manager,Research
emp_83,Paul Jones,Software Engineer,Operations
emp_84,Zachary Ferrell,Product Manager,Engineering
emp_85,Daniel Baker,Software Engineer,Product
emp_86,Shirley Suarez,ML Engineer,Operations
emp_87,Christopher Bass,Product Manager,Research
emp_88,Lisa Archer,Data Analyst,Product
emp_89,Aimee Montoya,DevOps Engineer,Operations
emp_90,Matthew Mcmillan,DevOps Engineer,Data Science
emp_91,Brian Rodriguez,Product Manager,Operations
emp_92,Denise Jacobs,Data Analyst,Data Science
emp_93,Christina Walters,Data Analyst,Engineering
emp_94,John Whitehead,Software Engineer,Research
emp_95,Anna Henderson,Data Analyst,Research
emp_96,Aaron Wise,Software Engineer,Engineering
emp_97,Deborah Figueroa,ML Engineer,Product
emp_98,Jessica Smith,ML Engineer,Data Science
emp_99,Stephen Mckee,ML Engineer,Engineering
emp_100,Sandra Aguilar,Data Scientist,Data Science
emp_101,Cameron Parker,DevOps Engineer,Research
emp_102,Rebecca Valencia,Data Scientist,Operations
emp_103,Christine Wright,DevOps Engineer,Research
emp_104,Richard Henson,ML Engineer,Operations
emp_105,Marc Moore,DevOps Engineer,Operations
emp_106,Sharon Cherry,ML Engineer,Data Science
emp_107,Sierra Johnson,Data Analyst,Engineering
emp_108,Evelyn Galvan,Data Scientist,Operations
emp_109,Sharon Cochran,ML Engineer,Data Science
emp_110,Richard Rodriguez,Data Analyst,Research
emp_111,Shannon Walker,DevOps Engineer,Engineering
emp_112,Julia Torres,Product Manager,Data Science
emp_113,Crystal Johnson,Data Scientist,Operations
emp_114,Garrett Lin,ML Engineer,Operations
emp_115,Diana May,Data Analyst,Research
emp_116,William Herrera,Product Manager,Research
emp_117,Ashley Waller,Software Engineer,Operations
emp_118,Victor Baker,Product Manager,Research
emp_119,Jeffrey Chandler,DevOps Engineer,Research
emp_120,Larry Dixon,DevOps Engineer,Data Science
emp_121,Kenneth Scott,Data Analyst,Operations
emp_122,April Frost,DevOps Engineer,Product
emp_123,Michelle Harmon,ML Engineer,Product
emp_124,Helen Jones,Product Manager,Operations
emp_125,Erin Edwards,Data Analyst,Data Science
emp_126,Michelle Evans,Software Engineer,Operations
emp_127,Jason Powell,Data Scientist,Product
emp_128,Cameron Fisher,ML Engineer,Product
emp_129,Megan Orr,Software Engineer,Product
emp_130,Elizabeth Kelley,Product Manager,Engineering
emp_131,Dustin Jordan,ML Engineer,Data Science
emp_132,Mary Marshall,ML Engineer,Operations
emp_133,Daniel Kennedy,Data Analyst,Data Science
emp_134,Rebecca Jackson,Data Analyst,Data Science
emp_135,Jose Schultz,Data Scientist,Operations
emp_136,Robert Potter,DevOps Engineer,Product
emp_137,Courtney Gonzalez,Product Manager,Operations
emp_138,David Alvarez,DevOps Engineer,Engineering
emp_139,Angel Perry,ML Engineer,Operations
emp_140,Cheyenne Horton,DevOps Engineer,Research
emp_141,David Douglas Jr.,Data Analyst,Engineering
emp_142,Patricia Rodriguez,Product Manager,Operations
emp_143,Christopher Rubio,DevOps Engineer,Engineering
emp_144,Amber Wright,Software Engineer,Product
emp_145,Joyce Solis,DevOps Engineer,Operations
emp_146,Victoria Larson,Product Manager,Research
emp_147,Stephanie Salazar,Product Manager,Data Science
emp_148,Kathy Rivas,DevOps Engineer,Data Science
emp_149,Stephanie Manning,Software Engineer,Operations
emp_150,David Wright,DevOps Engineer,Engineering
emp_151,Pamela Boyd,DevOps Engineer,Product
emp_152,Denise Jones,Data Analyst,Operations
emp_153,Devon Flores,Data Analyst,Data Science
emp_154,Brenda Hall,DevOps Engineer,Data Science
emp_155,Michelle Brown,Product Manager,Research
emp_156,Joshua Perry,Data Scientist,Operations
emp_157,Jason Stein,Product Manager,Research
emp_158,Melissa Gates,Data Analyst,Engineering
emp_159,Jamie Smith,Data Scientist,Operations
emp_160,Paul Castaneda,ML Engineer,Operations
emp_161,Jennifer Adkins,ML Engineer,Engineering
emp_162,Lindsey Walker,Software Engineer,Operations
emp_163,Jeffrey Johnson,Software Engineer,Data Science
emp_164,Michael Powell,DevOps Engineer,Product
emp_165,John Anderson,Software Engineer,Operations
emp_166,Alyssa Long,Software Engineer,Operations
emp_167,Alyssa Day,Software Engineer,Engineering
emp_168,Joel Williams,DevOps Engineer,Engineering
emp_169,Daniel Murphy,Data Analyst,Research
emp_170,Jamie Walton,Data Scientist,Product
emp_171,Darlene Miller,ML Engineer,Engineering
emp_172,Joshua Cooke,Data Analyst,Engineering
emp_173,Matthew Harrington,Data Scientist,Data Science
emp_174,Nicole Herring,ML Engineer,Engineering
emp_175,Alex Hernandez,Product Manager,Data Science
emp_176,Michael Elliott,ML Engineer,Data Science
emp_177,Michael Wang,DevOps Engineer,Engineering
emp_178,Lawrence Adkins,Product Manager,Data Science
emp_179,Robert Oconnell,DevOps Engineer,Product
emp_180,Alexander Collins,Software Engineer,Data Science
emp_181,Tina Sanders,Product Manager,Research
emp_182,Angela Vaughn,Data Analyst,Engineering
emp_183,Ashley Barton,ML Engineer,Product
emp_184,Lindsay Martinez,Data Scientist,Research
emp_185,Dr. Hannah Patterson,Data Scientist,Product
emp_186,Jonathan Peterson,Product Manager,Operations
emp_187,Samantha Garcia,DevOps Engineer,Data Science
emp_188,Madison Poole,Data Scientist,Research
emp_189,Jessica Gross,Data Analyst,Data Science
emp_190,Debra Morton,Data Scientist,Product
emp_191,Karen Graham,Data Analyst,Research
emp_192,Debra Christian,Data Scientist,Research
emp_193,Angelica Keith,Data Scientist,Product
emp_194,John Bishop,Product Manager,Operations
emp_195,Allen Rosales,Data Analyst,Product
emp_196,Daniel Salinas,Data Scientist,Research
emp_197,Spencer Haynes,Data Analyst,Product
emp_198,Adam Vaughan,Data Scientist,Operations
emp_199,Nathan Freeman,DevOps Engineer,Engineering
emp_200,Melissa Brewer,DevOps Engineer,Product
emp_201,Ricky Davis II,Data Analyst,Operations
emp_202,Elizabeth Perkins,Data Analyst,Data Science
emp_203,Joseph Coleman,DevOps Engineer,Data Science
emp_204,Erin Warner,Data Analyst,Research
emp_205,David Martinez,Data Analyst,Product
emp_206,Bryan Herrera,Product Manager,Research
emp_207,Cathy Robinson,DevOps Engineer,Operations
emp_208,Dr. William Warren,DevOps Engineer,Research
emp_209,Brian Lee,Software Engineer,Product
emp_210,Christopher Smith,ML Engineer,Engineering
emp_211,Denise Mccann,Software Engineer,Operations
emp_212,Melissa Martinez,ML Engineer,Operations
emp_213,Katherine Salas,Product Manager,Research
emp_214,Julie Alexander,Data Analyst,Operations
emp_215,Anthony Everett,Software Engineer,Engineering
emp_216,Rodney Morales,DevOps Engineer,Product
emp_217,Mark Brown,ML Engineer,Operations
emp_218,Justin Torres,ML Engineer,Product
emp_219,Bailey Duran DDS,Software Engineer,Product
emp_220,Courtney Mills,Software Engineer,Research
emp_221,Jeremy Dalton,Data Analyst,Product
emp_222,Elizabeth Oliver DDS,Product Manager,Engineering
emp_223,Theresa Clark,Product Manager,Data Science
emp_224,Matthew Moore,Data Scientist,Data Science
emp_225,Benjamin Smith,Data Analyst,Operations
emp_226,Kirk Carter,DevOps Engineer,Research
emp_227,Michael Warner,ML Engineer,Operations
emp_228,Michael Bradshaw,Data Analyst,Operations
emp_229,Lori Guerrero,DevOps Engineer,Engineering
emp_230,Jessica Stephens,Data Scientist,Product
emp_231,Susan Serrano,ML Engineer,Operations
emp_232,Christopher Parker,Data Analyst,Data Science
emp_233,Laura Roberts,Software Engineer,Research
emp_234,Michael Lyons,Software Engineer,Operations
emp_235,Kathryn Snyder,Product Manager,Research
emp_236,Andrew Reynolds,Software Engineer,Operations
emp_237,David Davis,Data Analyst,Research
emp_238,Sara Johnston,Software Engineer,Product
emp_239,Yvonne Chambers,Data Analyst,Operations
emp_240,Andrew Avila,Software Engineer,Product
emp_241,Matthew Moon,Software Engineer,Data Science
emp_242,Kevin Walters,Data Scientist,Data Science
emp_243,Brandon Bailey MD,Software Engineer,Engineering
emp_244,Shannon Rivera,Data Analyst,Research
emp_245,Donna Landry,Data Analyst,Data Science
emp_246,Krista Gibson,ML Engineer,Data Science
emp_247,Frank Cordova,Data Analyst,Operations
emp_248,Jose Travis,Software Engineer,Research
emp_249,Kimberly Gutierrez,Product Manager,Research
emp_250,Isaiah Avila,Software Engineer,Engineering
emp_251,Olivia Harris,ML Engineer,Product
emp_252,Tanya Kim,ML Engineer,Product
emp_253,Barbara Dudley,ML Engineer,Product
emp_254,Cynthia Moore,Data Scientist,Research
emp_255,Kristen Davis,ML Engineer,Product
emp_256,Susan Murray MD,Data Scientist,Engineering
emp_257,Kathleen Moran,Product Manager,Product
emp_258,Denise Davenport,Data Analyst,Data Science
emp_259,Mrs. Kristen Reyes,Data Analyst,Operations
emp_260,Katie Suarez,Data Scientist,Engineering
emp_261,Desiree Tyler,Product Manager,Product
emp_262,Timothy Romero,DevOps Engineer,Operations
emp_263,Diane Evans,DevOps Engineer,Product
emp_264,Yvonne Burns,ML Engineer,Engineering
emp_265,Joshua Reed,Software Engineer,Operations
emp_266,Kimberly Gibson,Data Scientist,Engineering
emp_267,Colin Terry,DevOps Engineer,Operations
emp_268,Cynthia Rowe,Data Scientist,Research
emp_269,Patrick Thornton,Data Analyst,Engineering
emp_270,Jasmin Alvarado,ML Engineer,Data Science
emp_271,Veronica Simpson,Product Manager,Product
emp_272,Jonathan Lawrence,Data Scientist,Data Science
emp_273,Shelly Alexander,Data Scientist,Research
emp_274,Joyce Bowen,DevOps Engineer,Research
emp_275,Matthew Moore,Product Manager,Research
emp_276,Wayne Morgan,ML Engineer,Research
emp_277,Marie Christian,DevOps Engineer,Operations
emp_278,Shannon James,DevOps Engineer,Product
emp_279,Nathan Malone,Product Manager,Operations
emp_280,Amanda Jones,Software Engineer,Research
emp_281,Tammie Bright,Product Manager,Engineering
emp_282,Jessica Garcia,Product Manager,Engineering
emp_283,Shelia Wallace,ML Engineer,Data Science
emp_284,Stephanie Williams,Software Engineer,Engineering
emp_285,Elaine Brooks,ML Engineer,Data Science
emp_286,Joseph Knight,ML Engineer,Research
emp_287,Carolyn Miller,Data Scientist,Data Science
emp_288,Lisa Allen,Data Scientist,Operations
emp_289,Briana Murray,DevOps Engineer,Research
emp_290,David Smith,DevOps Engineer,Product
emp_291,Stephanie Byrd,Data Scientist,Data Science
emp_292,Jeremy Reed,Software Engineer,Product
emp_293,Margaret Coleman,Data Analyst,Operations
emp_294,Ryan Gonzalez,Data Scientist,Data Science
emp_295,John Young,Software Engineer,Research
emp_296,Laura Haney,Data Analyst,Data Science
emp_297,William Barrett,DevOps Engineer,Engineering
emp_298,Keith Jennings,Product Manager,Data Science
emp_299,Amber Obrien,Data Analyst,Data Science
emp_300,Tanner Mitchell DDS,Software Engineer,Data Science
emp_301,Heather Fields,Data Scientist,Engineering
emp_302,Megan Le,ML Engineer,Product
emp_303,Sara Fuller,Product Manager,Research
emp_304,Maria Parker,Software Engineer,Operations
emp_305,Kevin Oconnor,Data Scientist,Operations
emp_306,Edward Burgess,Data Analyst,Product
emp_307,Carlos Ryan,Data Analyst,Operations
emp_308,Kiara Mcintyre,Software Engineer,Research
emp_309,Dawn Summers,Product Manager,Operations
emp_310,Dr. Paul Morgan,DevOps Engineer,Engineering
emp_311,Victor Taylor,Product Manager,Engineering
emp_312,Shannon Ramsey,DevOps Engineer,Product
emp_313,Tracy Ballard,Product Manager,Product
emp_314,Richard Smith,Data Scientist,Engineering
emp_315,Jordan Chambers,ML Engineer,Research
emp_316,Lauren Carson,Product Manager,Engineering
emp_317,Ashley Hall,Data Analyst,Product
emp_318,Stephen Hoffman,Product Manager,Engineering
emp_319,Connie Brown,ML Engineer,Operations
emp_320,Susan Turner,Product Manager,Operations
emp_321,Charles Shah,Software Engineer,Data Science
emp_322,Johnathan Davis,Product Manager,Operations
emp_323,Brandy Chavez,Data Analyst,Operations
emp_324,Natalie Bautista,Data Scientist,Operations
emp_325,Patrick Moore,Software Engineer,Operations
emp_326,Brett Burns,Software Engineer,Product
emp_327,Trevor Johnson,Data Analyst,Engineering
emp_328,Jeremy Sampson,ML Engineer,Product
emp_329,Ariana Jennings,DevOps Engineer,Operations
emp_330,Vanessa Howard,Software Engineer,Operations
emp_331,Colton Martinez,Product Manager,Engineering
emp_332,Jordan Bates,DevOps Engineer,Engineering
emp_333,Linda Smith,Software Engineer,Product
emp_334,Dana Martinez,Software Engineer,Engineering
emp_335,Andrea Hubbard,DevOps Engineer,Research
emp_336,Daniel Kane,Data Scientist,Research
emp_337,Charles Lester,DevOps Engineer,Operations
emp_338,Scott Thomas,Data Scientist,Data Science
emp_339,David Thompson,Product Manager,Product
emp_340,Allison Smith,Product Manager,Operations
emp_341,Cynthia Morris,Data Analyst,Operations
emp_342,Anthony Harmon,Data Scientist,Data Science
emp_343,Nichole Alvarez,Software Engineer,Research
emp_344,Kayla Rodriguez,ML Engineer,Product
emp_345,Theresa Williams,DevOps Engineer,Operations
emp_346,Sharon Boyd,Data Scientist,Engineering
emp_347,Victor Brown,Data Analyst,Research
emp_348,James Parks,ML Engineer,Data Science
emp_349,Theodore Jones Jr.,Software Engineer,Research
emp_350,Ana Hill,Data Scientist,Research
emp_351,Kimberly Nguyen,DevOps Engineer,Engineering
emp_352,Kerry Chavez DDS,ML Engineer,Engineering
emp_353,Michael Farrell,DevOps Engineer,Engineering
emp_354,Patricia Le,Data Analyst,Data Science
emp_355,Jesse Perez,DevOps Engineer,Product
emp_356,Jesse Perry,Product Manager,Product
emp_357,Jeffery Ortega,DevOps Engineer,Operations
emp_358,Christian Leblanc,DevOps Engineer,Data Science
emp_359,Ronald Davis,DevOps Engineer,Research
emp_360,Parker Cain,ML Engineer,Operations
emp_361,Laurie Hoffman,ML Engineer,Research
emp_362,Bryan Gomez,Product Manager,Data Science
emp_363,Nicole Parrish,Data Scientist,Product
emp_364,Tracy Burke,DevOps Engineer,Product
emp_365,Kenneth Lewis,Product Manager,Product
emp_366,Courtney Rodriguez,Data Scientist,Product
emp_367,Holly Farmer,Data Analyst,Product
emp_368,Renee Bruce,Product Manager,Research
emp_369,Sabrina Austin,Data Analyst,Operations
emp_370,Allison Hickman,ML Engineer,Operations
emp_371,Debra White,Product Manager,Operations
emp_372,Ellen Morgan,Software Engineer,Product
emp_373,Sergio Knight,Product Manager,Research
emp_374,Charles Schultz,DevOps Engineer,Operations
emp_375,Paul Lewis,Software Engineer,Data Science
emp_376,Glen Wood,Data Analyst,Data Science
emp_377,Paula Bradley,Product Manager,Operations
emp_378,Anthony Moore,ML Engineer,Operations
emp_379,Megan Nelson,Data Scientist,Product
emp_380,Karla Ramos,Data Analyst,Operations
emp_381,Paul Wilson,Data Analyst,Operations
emp_382,Douglas Gregory,DevOps Engineer,Data Science
emp_383,Mr. Andrew Foster,DevOps Engineer,Engineering
emp_384,Aimee Turner,ML Engineer,Research
emp_385,Chad Scott,Product Manager,Product
emp_386,Adam Burgess,Data Scientist,Operations
emp_387,James Padilla,Data Scientist,Research
emp_388,Sandra Drake,DevOps Engineer,Engineering
emp_389,Scott Williams,Data Analyst,Data Science
emp_390,Thomas Atkins,DevOps Engineer,Data Science
emp_391,Laura Mckinney,Data Scientist,Operations
emp_392,Brian Smith,Software Engineer,Product
emp_393,Robert Montgomery,Product Manager,Operations
emp_394,Tamara Davis,Data Analyst,Engineering
emp_395,Dana Chapman,Software Engineer,Research
emp_396,Jennifer Collins,DevOps Engineer,Product
emp_397,Gary Jackson,Data Analyst,Operations
emp_398,Ashley Hicks,Product Manager,Engineering
emp_399,Hannah Luna,Product Manager,Engineering
emp_400,Robin Young,ML Engineer,Product
emp_401,Craig Morrison,ML Engineer,Engineering
emp_402,Mary Thompson,DevOps Engineer,Engineering
emp_403,Kathleen Webster,Data Analyst,Engineering
emp_404,Joann Glass,DevOps Engineer,Data Science
emp_405,Madison Weber,Data Analyst,Product
emp_406,Lori Hernandez,Data Scientist,Engineering
emp_407,Jeremy Turner,Software Engineer,Engineering
emp_408,Anthony Romero,Software Engineer,Product
emp_409,Jesse Brown,Software Engineer,Operations
emp_410,Angela Lin,ML Engineer,Data Science
emp_411,Lisa Hunter,Product Manager,Operations
emp_412,Julian Conner,Product Manager,Data Science
emp_413,Joanna Pacheco,ML Engineer,Data Science
emp_414,Erica Alvarez,Data Scientist,Research
emp_415,Antonio Garcia,DevOps Engineer,Research
emp_416,Gwendolyn Klein,Data Analyst,Data Science
emp_417,Carrie Wright,DevOps Engineer,Research
emp_418,Jeffrey Mills,ML Engineer,Data Science
emp_419,Jake Campbell,DevOps Engineer,Product
emp_420,George Harper,DevOps Engineer,Product
emp_421,Maria Jones,Data Analyst,Engineering
emp_422,Michael Mitchell,DevOps Engineer,Product
emp_423,Mary Escobar,Data Analyst,Research
emp_424,Felicia Aguilar,ML Engineer,Engineering
emp_425,Gregory Ponce,DevOps Engineer,Product
emp_426,Jenna Larson,Product Manager,Product
emp_427,Emily Bennett,Data Analyst,Operations
emp_428,Robin Santiago,Data Analyst,Product
emp_429,Nancy Jennings,DevOps Engineer,Product
emp_430,Maria Henderson,ML Engineer,Operations
emp_431,Jack White,DevOps Engineer,Engineering
emp_432,Travis Tucker,ML Engineer,Operations
emp_433,Chad Jones,Product Manager,Product
emp_434,Ashley Wise,Product Manager,Product
emp_435,Sophia Johnson,Data Analyst,Product
emp_436,Ralph Anderson,Data Scientist,Operations
emp_437,Christopher Guerra,Software Engineer,Engineering
emp_438,Rhonda Martin,Product Manager,Engineering
emp_439,Jason Rhodes,Product Manager,Operations
emp_440,Jeremy Mitchell,Software Engineer,Data Science
emp_441,Joann Ferguson,Product Manager,Product
emp_442,Robert Harrison,ML Engineer,Data Science
emp_443,Holly Valentine,Product Manager,Product
emp_444,Mrs. Diane Reyes,Data Analyst,Data Science
emp_445,Tracy Montoya,Data Analyst,Engineering
emp_446,Brenda Wright,Data Analyst,Engineering
emp_447,Shelly Spencer,Software Engineer,Operations
emp_448,Ryan Rosales,Data Scientist,Research
emp_449,Phillip Nelson,Software Engineer,Data Science
emp_450,Brittany Kim,Data Scientist,Product
emp_451,Courtney Hayes,Software Engineer,Operations
emp_452,Alexander Brown,ML Engineer,Data Science
emp_453,Cynthia Vang,ML Engineer,Research
emp_454,Alfred Galvan,Software Engineer,Research
emp_455,Marie Moody,Product Manager,Product
emp_456,Dustin Gallegos,ML Engineer,Product
emp_457,Brenda Thornton,DevOps Engineer,Product
emp_458,Aaron Miller,Data Analyst,Product
emp_459,Ruben Dunn,Data Scientist,Operations
emp_460,Kelsey Rodriguez,Data Scientist,Data Science
emp_461,Eric Williams,ML Engineer,Operations
emp_462,Riley Bryant,Product Manager,Product
emp_463,Taylor Carlson,Data Scientist,Operations
emp_464,Jose Allen,Data Scientist,Product
emp_465,Jeffrey Mendez,Product Manager,Engineering
emp_466,Jason Beck,DevOps Engineer,Product
emp_467,William Jones,Data Analyst,Product
emp_468,Katie Mcneil,Product Manager,Operations
emp_469,Jeanette Harrison,Data Analyst,Product
emp_470,Veronica King,Data Scientist,Data Science
emp_471,Richard Cooper,DevOps Engineer,Engineering
emp_472,Lori Ingram,Product Manager,Research
emp_473,Evelyn Williams,Software Engineer,Research
emp_474,Robin Thompson,ML Engineer,Engineering
emp_475,Julie Dominguez,Data Analyst,Operations
emp_476,Robin Brown,Data Analyst,Product
emp_477,Judith Carter,Data Analyst,Operations
emp_478,Curtis Williams,Data Scientist,Data Science
emp_479,Kaylee Hays,Data Scientist,Engineering
emp_480,Dawn Mullins,Software Engineer,Operations
emp_481,Howard Norman,Data Scientist,Engineering
emp_482,Evelyn Martinez,ML Engineer,Research
emp_483,Steve Paul,ML Engineer,Operations
emp_484,Jasmine Beltran,DevOps Engineer,Product
emp_485,Jonathan Glass MD,Data Analyst,Research
emp_486,Monica Miller,DevOps Engineer,Research
emp_487,Samantha Gardner,Data Analyst,Data Science
emp_488,Bobby Guerrero,DevOps Engineer,Engineering
emp_489,Lance Simmons,DevOps Engineer,Research
emp_490,Heather Williams,DevOps Engineer,Product
emp_491,Heather Bolton,Data Scientist,Product
emp_492,William Gould,ML Engineer,Operations
emp_493,Mark Cox,DevOps Engineer,Data Science
emp_494,Meghan Cisneros,Software Engineer,Engineering
emp_495,Lawrence Harrington,Data Analyst,Product
emp_496,Austin Osborne,Product Manager,Product
emp_497,James Bradley,Data Scientist,Operations
emp_498,Meghan Rush,Software Engineer,Data Science
emp_499,Phillip Berry,Data Scientist,Operations
emp_500,Jennifer Banks,Data Scientist,Data Science
emp_501,Brian Fitzgerald,Data Analyst,Research
emp_502,Mr. Justin Green III,Data Scientist,Engineering
emp_503,Zachary Mitchell,Software Engineer,Data Science
emp_504,Katherine Martinez,ML Engineer,Research
emp_505,Jodi Roach,ML Engineer,Engineering
emp_506,Brandon Fleming,Product Manager,Data Science
emp_507,Emma Reed,Product Manager,Data Science
emp_508,Joshua Vance,ML Engineer,Product
emp_509,Michelle Ho,ML Engineer,Research
emp_510,Rebecca Hicks,Data Scientist,Product
emp_511,Curtis Taylor,ML Engineer,Data Science
emp_512,Allison Spencer,Product Manager,Product
emp_513,Robert Arnold,ML Engineer,Engineering
emp_514,Angelica Parker,Data Analyst,Engineering
emp_515,Dr. Kelly Hammond DVM,ML Engineer,Engineering
emp_516,William Day,Software Engineer,Data Science
emp_517,Michael Cooper,Product Manager,Product
emp_518,Penny Bowman,Data Scientist,Data Science
emp_519,Vincent Reynolds,Software Engineer,Engineering
emp_520,Amy Martinez,ML Engineer,Operations
emp_521,Christopher Morris,Product Manager,Engineering
emp_522,Hannah Everett,Data Analyst,Engineering
emp_523,Sarah King,DevOps Engineer,Operations
emp_524,Krista Martinez,Software Engineer,Research
emp_525,Joseph Shaw,Product Manager,Engineering
emp_526,Todd Moore,DevOps Engineer,Research
emp_527,Michelle Jacobs,ML Engineer,Research
emp_528,Kristy Bryan,Data Scientist,Research
emp_529,Angel May,Software Engineer,Operations
emp_530,Marilyn Wang,Data Analyst,Engineering
emp_531,Mark Jimenez,Data Scientist,Operations
emp_532,Donna Frye,DevOps Engineer,Operations
emp_533,Dr. Michael Evans,Data Analyst,Engineering
emp_534,Anthony Gonzales,DevOps Engineer,Operations
emp_535,Mr. Lawrence Edwards,Data Scientist,Engineering
emp_536,Morgan Valencia,Software Engineer,Research
emp_537,Bianca Wood,ML Engineer,Engineering
emp_538,Emma Owens,ML Engineer,Product
emp_539,David Davis,Product Manager,Research
emp_540,James Gilbert,Product Manager,Product
emp_541,Sean Moore,DevOps Engineer,Research
emp_542,Kenneth Edwards,Product Manager,Product
emp_543,Kathleen Robertson,DevOps Engineer,Research
emp_544,Mr. Alexander Landry MD,Product Manager,Operations
emp_545,Cindy Gomez,Data Scientist,Engineering
emp_546,Johnny Khan,Data Analyst,Research
emp_547,Julie Herrera,Data Analyst,Data Science
emp_548,Jessica Khan,DevOps Engineer,Operations
emp_549,Pamela Diaz,ML Engineer,Operations
emp_550,Kelly Lee,Software Engineer,Operations
emp_551,Angel Gordon,DevOps Engineer,Operations
emp_552,Diana Hays,Data Analyst,Engineering
emp_553,Barbara Hester,Software Engineer,Operations
emp_554,Robert Morgan,Software Engineer,Product
emp_555,Nicole Gonzalez,Software Engineer,Data Science
emp_556,Kathryn Williams,Data Analyst,Operations
emp_557,Gary Wells,Data Scientist,Engineering
emp_558,Larry Robertson,Data Scientist,Engineering
emp_559,Louis Martin,DevOps Engineer,Engineering
emp_560,Nancy Evans MD,Data Analyst,Product
emp_561,Kim Erickson,ML Engineer,Research
emp_562,Robert Richardson,Data Scientist,Research
emp_563,Veronica Silva,Product Manager,Research
emp_564,Molly Watts,Software Engineer,Engineering
emp_565,John Coffey,DevOps Engineer,Product
emp_566,Paula Lane,Data Analyst,Operations
emp_567,Lauren Jackson,Data Analyst,Engineering
emp_568,Lisa Randall,Software Engineer,Research
emp_569,Michael Johnson,Software Engineer,Product
emp_570,Ashley Smith,Data Scientist,Research
emp_571,Christian Vaughn,Product Manager,Data Science
emp_572,Reginald Knapp,ML Engineer,Operations
emp_573,Nancy Brown,ML Engineer,Engineering
emp_574,Daniel Nguyen,Software Engineer,Research
emp_575,Kelly Edwards,Software Engineer,Engineering
emp_576,Thomas Peterson,Software Engineer,Research
emp_577,Raymond Le,ML Engineer,Operations
emp_578,Melissa Bishop,Product Manager,Research
emp_579,David Grant,Product Manager,Research
emp_580,William Evans,Data Scientist,Research
emp_581,Daniel Bush,Data Analyst,Product
emp_582,Gregory Peck,Data Scientist,Data Science
emp_583,Denise Martinez,Software Engineer,Product
emp_584,Jamie Baird,Software Engineer,Product
emp_585,Tina Ballard,Data Scientist,Data Science
emp_586,Dwayne Klein,ML Engineer,Research
emp_587,Jeremy Scott,Data Analyst,Operations
emp_588,Dale Ryan,Data Scientist,Data Science
emp_589,Melissa Taylor,Data Analyst,Engineering
emp_590,Laurie Sanchez,Data Scientist,Research
emp_591,Kiara Little,ML Engineer,Operations
emp_592,Jason Love,DevOps Engineer,Operations
emp_593,Randy Smith,Software Engineer,Data Science
emp_594,Tanya Russell,Software Engineer,Product
emp_595,Sherry Woods,Data Analyst,Product
emp_596,Victor Morris,Product Manager,Research
emp_597,Susan Davis,Data Scientist,Engineering
emp_598,Kimberly Sharp,ML Engineer,Data Science
emp_599,Susan Thompson,Product Manager,Engineering
emp_600,Casey Gillespie,Data Analyst,Engineering
emp_601,Jennifer Simpson DVM,Software Engineer,Operations
emp_602,Tammy Mcdowell,Data Analyst,Operations
emp_603,Keith Rodriguez,DevOps Engineer,Research
emp_604,Mrs. Virginia Daniels,DevOps Engineer,Operations
emp_605,Todd Rosales MD,Software Engineer,Data Science
emp_606,Brian Martin,Product Manager,Engineering
emp_607,David Lopez,Software Engineer,Operations
emp_608,Rachel Bradley,Data Scientist,Product
emp_609,Casey Chase,Data Analyst,Research
emp_610,Samantha Robertson,DevOps Engineer,Research
emp_611,Michael Lopez,Data Analyst,Product
emp_612,Franklin Wright,Data Scientist,Data Science
emp_613,David Molina,DevOps Engineer,Research
emp_614,Elizabeth Sharp,Data Scientist,Engineering
emp_615,Matthew Schwartz,ML Engineer,Product
emp_616,Bryan Parker,ML Engineer,Data Science
emp_617,Jonathan Jacobson,Software Engineer,Product
emp_618,Emily Wilson,Software Engineer,Engineering
emp_619,Elizabeth Mendez,Data Scientist,Operations
emp_620,Casey Hernandez,Data Analyst,Operations
emp_621,Lisa Perry,ML Engineer,Data Science
emp_622,Kaitlin Medina,DevOps Engineer,Research
emp_623,Colleen Wright,Data Analyst,Data Science
emp_624,Shelley Miller,Product Manager,Research
emp_625,Michael Miller,Data Analyst,Product
emp_626,Amy Kelley,Data Scientist,Operations
emp_627,Laura Hernandez,Data Analyst,Engineering
emp_628,Joseph Wilson,DevOps Engineer,Engineering
emp_629,Kevin Davis,DevOps Engineer,Engineering
emp_630,Rhonda Chavez,Software Engineer,Research
emp_631,Joyce Brown,DevOps Engineer,Research
emp_632,Robert Cummings,DevOps Engineer,Operations
emp_633,Robert Reese,Software Engineer,Engineering
emp_634,Amber Cooper,DevOps Engineer,Engineering
emp_635,Zachary Michael,Software Engineer,Data Science
emp_636,Timothy Johnson,Product Manager,Operations
emp_637,Randy Cannon,Data Analyst,Product
emp_638,Maria Fisher,Data Scientist,Operations
emp_639,Janet Kane DVM,Data Scientist,Data Science
emp_640,Michael Stanley,DevOps Engineer,Research
emp_641,Martha Bailey,DevOps Engineer,Research
emp_642,Joshua Rice,Data Scientist,Operations
emp_643,Courtney Smith,Software Engineer,Product
emp_644,Edwin Nunez,ML Engineer,Product
emp_645,Kim Morrow,ML Engineer,Engineering
emp_646,Gregory Hill,Product Manager,Engineering
emp_647,Molly Rodriguez,Product Manager,Research
emp_648,Jennifer Miranda,ML Engineer,Product
emp_649,Alexis Harris,Software Engineer,Data Science
emp_650,Andrew Harper,ML Engineer,Engineering
emp_651,Amber Yang,ML Engineer,Product
emp_652,David Robinson,ML Engineer,Data Science
emp_653,Amy Gordon,Product Manager,Data Science
emp_654,Robert Dennis,Data Analyst,Engineering
emp_655,Kyle Chambers,ML Engineer,Operations
emp_656,Eric Thomas,DevOps Engineer,Research
emp_657,Connie Turner,Product Manager,Operations
emp_658,Travis Hobbs,Data Analyst,Research
emp_659,Lori Simmons,Data Analyst,Research
emp_660,William David DDS,Software Engineer,Product
emp_661,Emma Butler,ML Engineer,Operations
emp_662,James Webster,Data Scientist,Operations
emp_663,Samuel Turner,DevOps Engineer,Product
emp_664,Renee Melendez,Software Engineer,Research
emp_665,Tracy Grant,Data Scientist,Product
emp_666,David Harris,Product Manager,Engineering
emp_667,Tammy Boone,Software Engineer,Operations
emp_668,Nathaniel Lee,DevOps Engineer,Engineering
emp_669,Michael Morrison,Data Scientist,Product
emp_670,Chelsea Gill,Software Engineer,Engineering
emp_671,Kristin Mendoza,Data Analyst,Engineering
emp_672,Felicia Krueger,Product Manager,Research
emp_673,Timothy Hayden,Product Manager,Operations
emp_674,Zachary Mendoza,DevOps Engineer,Research
emp_675,Larry Harris,Product Manager,Engineering
emp_676,Kristen Rowe,DevOps Engineer,Research
emp_677,Joseph Howard,Data Analyst,Data Science
emp_678,Jose Crawford,Software Engineer,Research
emp_679,William Harrison,DevOps Engineer,Research
emp_680,Suzanne Wood,ML Engineer,Engineering
emp_681,Justin Walker,DevOps Engineer,Engineering
emp_682,Dean Donovan,Software Engineer,Engineering
emp_683,Jennifer Hernandez,Product Manager,Data Science
emp_684,James Whitaker,Data Scientist,Data Science
emp_685,Mr. Michael Scott PhD,Data Analyst,Operations
emp_686,Maria Henry,DevOps Engineer,Research
emp_687,Robert Jackson,Product Manager,Research
emp_688,Katherine Stark,ML Engineer,Product
emp_689,Maria Brown,Software Engineer,Product
emp_690,Ryan Landry,DevOps Engineer,Operations
emp_691,Pamela Gutierrez,Software Engineer,Research
emp_692,Crystal Mann,Data Scientist,Product
emp_693,Jonathan Brooks,Data Scientist,Product
emp_694,Mary Jensen,Data Scientist,Research
emp_695,Mr. Aaron Arnold,Data Analyst,Operations
emp_696,Joseph Hill,Software Engineer,Product
emp_697,Alicia Li,Data Analyst,Research
emp_698,Renee Browning,ML Engineer,Product
emp_699,Brent Hernandez,Data Scientist,Research
emp_700,Joseph Ochoa,Data Analyst,Data Science
emp_701,James Watson,Software Engineer,Product
emp_702,Karl Branch,Data Analyst,Operations
emp_703,Michael Abbott,ML Engineer,Research
emp_704,Shannon Malone,Data Analyst,Engineering
emp_705,James Tran,Software Engineer,Research
emp_706,Adam Jackson,DevOps Engineer,Product
emp_707,Mr. Richard Knight PhD,ML Engineer,Research
emp_708,Joseph Williams,Data Scientist,Operations
emp_709,Sean Clay,Product Manager,Product
emp_710,Anthony Jones,Data Scientist,Product
emp_711,Stephanie Elliott,Software Engineer,Data Science
emp_712,Timothy Edwards,ML Engineer,Product
emp_713,Laurie Goodwin,DevOps Engineer,Data Science
emp_714,Jennifer Jones,ML Engineer,Data Science
emp_715,David Davenport,ML Engineer,Engineering
emp_716,Steven Rivera,Software Engineer,Engineering
emp_717,Brenda Hinton,Product Manager,Research
emp_718,Kathryn Mccann,Data Analyst,Research
emp_719,Jeffrey Roberson,Data Scientist,Product
emp_720,Randy Friedman,Product Manager,Data Science
emp_721,Raymond Johnson,Product Manager,Operations
emp_722,Willie Henry,ML Engineer,Data Science
emp_723,Todd Reynolds,ML Engineer,Research
emp_724,Mary Miller,ML Engineer,Operations
emp_725,Rebecca Marquez,Data Scientist,Operations
emp_726,Christian Dawson,Software Engineer,Data Science
emp_727,Nancy Stewart,DevOps Engineer,Research
emp_728,Aaron Parker,Software Engineer,Operations
emp_729,Derrick Anderson,ML Engineer,Research
emp_730,Jerry Peters,ML Engineer,Product
emp_731,Alexander Gomez,DevOps Engineer,Data Science
emp_732,Kyle Nguyen,Software Engineer,Research
emp_733,Edgar Hughes,DevOps Engineer,Operations
emp_734,Steven Stein,Software Engineer,Operations
emp_735,Laura Jackson,Product Manager,Research
emp_736,Charles Turner,DevOps Engineer,Data Science
emp_737,Arthur Hamilton MD,ML Engineer,Research
emp_738,Mr. David Wright,ML Engineer,Product
emp_739,Linda Gonzalez,Data Scientist,Operations
emp_740,Eric Rush,Software Engineer,Research
emp_741,Manuel Brock,Data Scientist,Research
emp_742,George Ochoa,Data Scientist,Product
emp_743,Valerie Taylor,Data Scientist,Data Science
emp_744,Travis Harris,Software Engineer,Operations
emp_745,Vincent Novak,Product Manager,Data Science
emp_746,Michael Henry,DevOps Engineer,Engineering
emp_747,Dana Bennett,ML Engineer,Operations
emp_748,Jenna Wilson,Software Engineer,Engineering
emp_749,Leslie Gardner,DevOps Engineer,Engineering
emp_750,Krista Benton,DevOps Engineer,Research
emp_751,Michael Gonzales,Software Engineer,Data Science
emp_752,Michael Fuentes,DevOps Engineer,Engineering
emp_753,Jennifer Porter,Software Engineer,Data Science
emp_754,Dana Hopkins,Data Scientist,Product
emp_755,Rachel Jones,Data Scientist,Product
emp_756,Karen Morales DDS,ML Engineer,Data Science
emp_757,Melissa Stephens,Data Scientist,Product
emp_758,Heather Woodard,DevOps Engineer,Data Science
emp_759,Margaret Miller,Data Analyst,Operations
emp_760,Mary Kelly,DevOps Engineer,Research
emp_761,Amanda Terrell,Data Scientist,Engineering
emp_762,Jennifer Goodwin,Data Scientist,Product
emp_763,Jessica Smith,ML Engineer,Data Science
emp_764,Jorge Stone,Product Manager,Research
emp_765,Laura Griffin,Product Manager,Operations
emp_766,Raymond Chapman,Data Scientist,Product
emp_767,Haley Johnson,ML Engineer,Product
emp_768,Jason Nixon,Data Scientist,Engineering
emp_769,Todd Thomas,ML Engineer,Operations
emp_770,Jesse Clark,Data Analyst,Research
emp_771,Mr. Jeffrey Horton,DevOps Engineer,Engineering
emp_772,Eric Patrick,Data Scientist,Operations
emp_773,Samuel Wong,Product Manager,Research
emp_774,Carly Riggs,Data Scientist,Research
emp_775,Christopher Moore,Product Manager,Data Science
emp_776,Tina Hall,Data Analyst,Data Science
emp_777,Cody Davidson,Software Engineer,Operations
emp_778,Allen Mendez,Data Scientist,Research
emp_779,Kevin Price,Software Engineer,Data Science
emp_780,Christine Goodwin,Product Manager,Operations
emp_781,Amy Garcia,ML Engineer,Engineering
emp_782,Chelsea Nguyen,Product Manager,Product
emp_783,Dennis Huffman,Data Scientist,Research
emp_784,Margaret Harper,Product Manager,Research
emp_785,Laurie Bailey,Product Manager,Research
emp_786,Lisa Cervantes,Data Scientist,Operations
emp_787,Elizabeth Mendez,DevOps Engineer,Engineering
emp_788,Cesar Wilson,Data Analyst,Operations
emp_789,Clayton Steele,Software Engineer,Product
emp_790,Jennifer Taylor,Data Analyst,Engineering
emp_791,Cody Reid,Software Engineer,Engineering
emp_792,Maria Cooke,Software Engineer,Data Science
emp_793,Katherine Taylor,Data Analyst,Engineering
emp_794,Jerry Brown,Product Manager,Product
emp_795,Adam Taylor,ML Engineer,Engineering
emp_796,Tracey Wagner,Software Engineer,Research
emp_797,Michael Perry PhD,Software Engineer,Data Science
emp_798,Bradley Johnson DDS,Data Analyst,Operations
emp_799,Donald Medina,Data Analyst,Operations
emp_800,Jim Newton,Data Analyst,Data Science
emp_801,Krista Wilson,ML Engineer,Engineering
emp_802,Reginald Morrow,Data Analyst,Operations
emp_803,Rodney Williams,Data Scientist,Product
emp_804,Kimberly Fritz,ML Engineer,Engineering
emp_805,Ronald Potter,ML Engineer,Engineering
emp_806,Zachary Cole,Software Engineer,Product
emp_807,Robert Gonzales,Product Manager,Operations
emp_808,Patricia Young PhD,Product Manager,Operations
emp_809,Heather Page,Software Engineer,Engineering
emp_810,Carol Taylor,Data Analyst,Data Science
emp_811,Daniel Brown,Software Engineer,Product
emp_812,Douglas Ryan,Data Scientist,Product
emp_813,Michael Roberts,Software Engineer,Engineering
emp_814,Scott Duke,Software Engineer,Operations
emp_815,Anna Estes,DevOps Engineer,Operations
emp_816,Tamara Riddle,DevOps Engineer,Product
emp_817,Beth Cline,ML Engineer,Operations
emp_818,Michael Poole,Data Analyst,Operations
emp_819,Megan Burns,Software Engineer,Research
emp_820,Debra Perry,Software Engineer,Engineering
emp_821,Mark Beard,Data Analyst,Operations
emp_822,Jose Ramirez,Data Scientist,Operations
emp_823,Jackie Clements,Product Manager,Data Science
emp_824,Aaron Schroeder,Product Manager,Product
emp_825,Monica Ellis,Software Engineer,Engineering
emp_826,Heather Brown,Data Scientist,Product
emp_827,Claudia Jordan,Data Analyst,Product
emp_828,Derrick Clayton,Software Engineer,Operations
emp_829,Kenneth Knight,Product Manager,Operations
emp_830,Mr. Michael Williams,ML Engineer,Operations
emp_831,Richard Stevens,Software Engineer,Operations
emp_832,Scott Alexander,Data Scientist,Product
emp_833,Tyler Harris,Product Manager,Operations
emp_834,Bonnie Santos,Software Engineer,Engineering
emp_835,Timothy Hill,Data Scientist,Operations
emp_836,Danielle Watson,Software Engineer,Research
emp_837,Carol Sanders,Data Analyst,Data Science
emp_838,Michael Young,Data Scientist,Data Science
emp_839,Michele Smith,Product Manager,Operations
emp_840,Casey Perez,Data Scientist,Data Science
emp_841,Alexandra Dominguez,Data Scientist,Data Science
emp_842,Virginia Henderson,Data Analyst,Product
emp_843,Benjamin Reyes,Software Engineer,Operations
emp_844,Ashley Edwards,Product Manager,Engineering
emp_845,Breanna Ayala,Product Manager,Data Science
emp_846,Brandi Haney,Data Analyst,Operations
emp_847,Joseph Smith,Software Engineer,Product
emp_848,Jessica Bowen,DevOps Engineer,Engineering
emp_849,Brittany Jenkins,Product Manager,Data Science
emp_850,Shannon Miller,Product Manager,Product
emp_851,Paul Lawrence,DevOps Engineer,Product
emp_852,Victor Edwards,Data Analyst,Product
emp_853,Donald Miller,ML Engineer,Engineering
emp_854,Lindsay Lawson,Data Scientist,Data Science
emp_855,Melissa Abbott,DevOps Engineer,Research
emp_856,Elizabeth Holmes,DevOps Engineer,Research
emp_857,Nicole Phillips,Data Scientist,Product
emp_858,Steven Blevins,Software Engineer,Operations
emp_859,Brian Porter MD,ML Engineer,Research
emp_860,Vanessa Hatfield,Software Engineer,Operations
emp_861,Bonnie Valencia,ML Engineer,Engineering
emp_862,Holly Vega,ML Engineer,Engineering
emp_863,Tiffany Townsend,DevOps Engineer,Data Science
emp_864,Austin Baker,Data Analyst,Operations
emp_865,Antonio Mccormick,Data Scientist,Product
emp_866,Lori Mason,Data Analyst,Product
emp_867,Michael Miller,Data Analyst,Engineering
emp_868,Lisa Ramirez,Product Manager,Research
emp_869,Jorge Harris,Software Engineer,Product
emp_870,Kimberly Myers,ML Engineer,Data Science
emp_871,Sandra Becker,Software Engineer,Research
emp_872,Michael Blair,ML Engineer,Engineering
emp_873,Amy Miller,ML Engineer,Data Science
emp_874,Jesse Lynch,ML Engineer,Operations
emp_875,Patrick Yang,Data Scientist,Product
emp_876,Michael Miles,Product Manager,Research
emp_877,Troy Mills,Software Engineer,Operations
emp_878,Michelle Jackson,Product Manager,Data Science
emp_879,Richard Adams,Product Manager,Engineering
emp_880,Patricia Johnson,Data Scientist,Product
emp_881,Denise Brown,DevOps Engineer,Operations
emp_882,Laura Jones,Product Manager,Operations
emp_883,Ian Porter,DevOps Engineer,Research
emp_884,Holly Scott,Data Scientist,Data Science
emp_885,Kenneth Sharp,Software Engineer,Engineering
emp_886,Jordan Williams,DevOps Engineer,Operations
emp_887,Dana Ruiz,Data Analyst,Research
emp_888,Chris Velazquez,Software Engineer,Data Science
emp_889,Kristen Sloan,Product Manager,Research
emp_890,Jennifer Morris,ML Engineer,Data Science
emp_891,Nathan Nelson,DevOps Engineer,Research
emp_892,Jake Shaw,Data Scientist,Engineering
emp_893,Cassie Brock,Product Manager,Data Science
emp_894,Dr. Andrea Marshall,Software Engineer,Data Science
emp_895,Ryan Murphy,ML Engineer,Product
emp_896,Aimee Gonzalez,Data Analyst,Data Science
emp_897,Elizabeth Dean,Software Engineer,Research
emp_898,Kevin Snyder,Software Engineer,Engineering
emp_899,Christie Mccullough,Software Engineer,Data Science
emp_900,Danielle Smith,Data Analyst,Research
emp_901,David Reed,Software Engineer,Data Science
emp_902,Sherry Tapia,Data Analyst,Product
emp_903,Matthew Sweeney,Product Manager,Research
emp_904,Ashley Moreno,Data Scientist,Research
emp_905,Johnathan Brown,Data Analyst,Data Science
emp_906,Michelle Davis DVM,Product Manager,Research
emp_907,Kelly Haynes,ML Engineer,Data Science
emp_908,William Miller,Data Analyst,Research
emp_909,Casey Wilkins,Data Analyst,Research
emp_910,Keith Graham,Software Engineer,Research
emp_911,Cynthia Green,Data Scientist,Engineering
emp_912,Robert Haynes,Data Scientist,Engineering
emp_913,Emily Nelson,Data Analyst,Research
emp_914,Dale Chan,Software Engineer,Data Science
emp_915,Brittney Martin,Product Manager,Operations
emp_916,Jason Herrera,Product Manager,Engineering
emp_917,Christine Parker,DevOps Engineer,Research
emp_918,Bryan Moore,Software Engineer,Product
emp_919,Samantha Terry,DevOps Engineer,Data Science
emp_920,Russell Murphy,Data Analyst,Operations
emp_921,David Kelly,Software Engineer,Operations
emp_922,Megan Green,Data Scientist,Engineering
emp_923,Amanda Sullivan MD,ML Engineer,Operations
emp_924,Danielle Murray,DevOps Engineer,Operations
emp_925,Brenda Smith,DevOps Engineer,Data Science
emp_926,Vickie Anderson,Software Engineer,Research
emp_927,Jacqueline Mccoy,ML Engineer,Product
emp_928,Lauren Green,Data Analyst,Product
emp_929,Alison Brown,Data Analyst,Product
emp_930,Jill Anderson,DevOps Engineer,Data Science
emp_931,Sandra Rivera,Software Engineer,Research
emp_932,Joel Jackson,Product Manager,Engineering
emp_933,Samantha Foster,Software Engineer,Data Science
emp_934,Michael Thompson,DevOps Engineer,Engineering
emp_935,Cody Ramirez,Software Engineer,Operations
emp_936,Amanda Harvey,ML Engineer,Data Science
emp_937,Edward Jenkins,Data Scientist,Engineering
emp_938,Amy Ramirez,Software Engineer,Operations
emp_939,Curtis Wilkerson,Product Manager,Operations
emp_940,Lydia Pham,ML Engineer,Data Science
emp_941,Virginia Casey,Software Engineer,Research
emp_942,Joshua Washington,Data Analyst,Product
emp_943,Kathryn Price,ML Engineer,Data Science
emp_944,Francis Robinson,DevOps Engineer,Research
emp_945,Paula Brown,DevOps Engineer,Operations
emp_946,Kendra Wang DVM,Software Engineer,Operations
emp_947,Ariel Sandoval,Data Scientist,Engineering
emp_948,Robert Stark,DevOps Engineer,Research
emp_949,Zachary Robinson,DevOps Engineer,Data Science
emp_950,Rebecca Kelly,ML Engineer,Research
emp_951,Sarah Thompson,Software Engineer,Engineering
emp_952,Renee Wolfe,Data Scientist,Product
emp_953,Alyssa Haynes,DevOps Engineer,Research
emp_954,Kristy Hart,Data Analyst,Operations
emp_955,William Keith,Software Engineer,Research
emp_956,Eric Henry Jr.,Data Scientist,Engineering
emp_957,Daniel Fox,DevOps Engineer,Data Science
emp_958,Thomas Harris,Software Engineer,Product
emp_959,Mitchell Sellers,DevOps Engineer,Product
emp_960,Erica Johnson,Data Scientist,Operations
emp_961,Sylvia Schroeder,Data Scientist,Research
emp_962,Shannon Yu,Product Manager,Data Science
emp_963,Tom Foster,Software Engineer,Research
emp_964,Eric Taylor,Software Engineer,Engineering
emp_965,Travis Conner,DevOps Engineer,Research
emp_966,Marie Thompson,DevOps Engineer,Research
emp_967,Melissa Mcfarland,Software Engineer,Research
emp_968,Courtney Chapman,Data Analyst,Research
emp_969,Eric Barker,Data Scientist,Data Science
emp_970,Nicholas Rush,Data Scientist,Operations
emp_971,Jenna Gamble,Software Engineer,Product
emp_972,Amanda Guzman,Product Manager,Product
emp_973,Tracy Walker,ML Engineer,Data Science
emp_974,Taylor Taylor,Product Manager,Research
emp_975,Cynthia Haas,DevOps Engineer,Research
emp_976,Stephen Davis,Data Scientist,Engineering
emp_977,Margaret Tanner,Data Scientist,Data Science
emp_978,Derek Wright,Data Analyst,Product
emp_979,David Rodriguez,DevOps Engineer,Research
emp_980,James Oconnor,DevOps Engineer,Data Science
emp_981,Stacey Snyder,Product Manager,Research
emp_982,Joshua Garcia,ML Engineer,Product
emp_983,Sean Curtis,Product Manager,Product
emp_984,Carla Jones,ML Engineer,Operations
emp_985,Elizabeth Flores,Product Manager,Product
emp_986,Angela Jackson,Product Manager,Product
emp_987,Nicholas Payne,Product Manager,Research
emp_988,Anna Wheeler,Product Manager,Operations
emp_989,Karen Johnson,Data Analyst,Research
emp_990,Carmen Preston,Software Engineer,Operations
emp_991,Brian Harris,Data Scientist,Product
emp_992,Michael Bowen,Software Engineer,Engineering
emp_993,Deborah Campbell,DevOps Engineer,Research
emp_994,Anthony Armstrong,Software Engineer,Engineering
emp_995,Brittany Ward,Product Manager,Operations
emp_996,Edward Stanley,Software Engineer,Research
emp_997,Christina Johnson,Product Manager,Data Science
emp_998,Edgar Miller,Data Analyst,Engineering
emp_999,Elizabeth Sanders,Product Manager,Operations
emp_1000,Matthew Davis MD,ML Engineer,Research
emp_1001,Stephen Wood,Data Analyst,Research
emp_1002,Dennis Marshall,DevOps Engineer,Data Science
emp_1003,Derrick Brown,Data Analyst,Data Science
emp_1004,Mary Miller,Data Scientist,Research
emp_1005,Joshua Arellano,Data Analyst,Engineering
emp_1006,Kristen Randall,ML Engineer,Engineering
emp_1007,Jennifer Nichols,DevOps Engineer,Product
emp_1008,Karen Keith,DevOps Engineer,Data Science
emp_1009,Blake Orr,DevOps Engineer,Data Science
emp_1010,Kathryn Lester,DevOps Engineer,Research
emp_1011,Megan Oliver,Product Manager,Operations
emp_1012,Peter Thompson,Data Analyst,Engineering
emp_1013,Dr. Rhonda Martinez,Data Analyst,Data Science
emp_1014,William Graham,Product Manager,Data Science
emp_1015,Lori Flowers MD,Product Manager,Product
emp_1016,Suzanne Jones,Data Analyst,Operations
emp_1017,James Nguyen,Product Manager,Operations
emp_1018,Jimmy Marks,Software Engineer,Data Science
emp_1019,Lisa Mills,DevOps Engineer,Research
emp_1020,Jason Hernandez,Software Engineer,Research
emp_1021,Olivia Ayers,Software Engineer,Product
emp_1022,Kristine Garcia,Product Manager,Operations
emp_1023,Joseph Cooper,ML Engineer,Data Science
emp_1024,James Washington,Software Engineer,Research
emp_1025,Amanda Hill,Software Engineer,Data Science
emp_1026,Lee Steele,Software Engineer,Product
emp_1027,Steve Rivera,Data Analyst,Data Science
emp_1028,Patrick Mccall,Data Analyst,Operations
emp_1029,Alicia Roth,Software Engineer,Operations
emp_1030,Douglas Vasquez,Software Engineer,Research
emp_1031,Annette Melton,Data Analyst,Product
emp_1032,William Ramos,Software Engineer,Engineering
emp_1033,Debra Butler,Product Manager,Research
emp_1034,Chelsea Lewis,DevOps Engineer,Operations
emp_1035,Natalie Malone,Software Engineer,Data Science
emp_1036,Samantha Robertson,Software Engineer,Engineering
emp_1037,Eric Hunter,Software Engineer,Engineering
emp_1038,Samuel Suarez,Software Engineer,Operations
emp_1039,Corey Whitaker,Data Analyst,Product
emp_1040,Danielle Bryant,Data Analyst,Operations
emp_1041,Michele Hill,ML Engineer,Data Science
emp_1042,Kathy Reid,Product Manager,Product
emp_1043,Andre Watson,Product Manager,Product
emp_1044,Cassandra Harrell,ML Engineer,Engineering
emp_1045,Hannah Martin,Product Manager,Research
emp_1046,Nicole Barker,ML Engineer,Data Science
emp_1047,James Martin,Data Scientist,Research
emp_1048,Traci Vincent,ML Engineer,Data Science
emp_1049,Megan Adams,Data Scientist,Engineering
emp_1050,Alejandro Deleon,DevOps Engineer,Product
emp_1051,Alexa Buck,Data Analyst,Operations
emp_1052,Lindsay Smith,Data Scientist,Data Science
emp_1053,Robert Torres,Data Scientist,Research
emp_1054,Maria Coleman,ML Engineer,Operations
emp_1055,Gregory King,Data Analyst,Operations
emp_1056,Michael Holloway,DevOps Engineer,Data Science
emp_1057,Brian Hunt,Software Engineer,Product
emp_1058,Sarah Brooks,Software Engineer,Engineering
emp_1059,Lisa Evans,Data Scientist,Research
emp_1060,Arthur Mcneil,ML Engineer,Research
emp_1061,Shannon Green,Data Analyst,Engineering
emp_1062,Stephanie Evans,ML Engineer,Operations
emp_1063,Ralph Yoder,ML Engineer,Engineering
emp_1064,Rebekah Greene,DevOps Engineer,Operations
emp_1065,Melanie Griffith,ML Engineer,Product
emp_1066,Yolanda Green,Data Scientist,Engineering
emp_1067,James Johnson,Software Engineer,Research
emp_1068,Laura Lee,Product Manager,Engineering
emp_1069,Courtney Nichols,Software Engineer,Product
emp_1070,Susan Powers,DevOps Engineer,Research
emp_1071,Sarah Pittman,Product Manager,Operations
emp_1072,Catherine Davis,ML Engineer,Research
emp_1073,David Stokes,DevOps Engineer,Product
emp_1074,Catherine Frazier,ML Engineer,Engineering
emp_1075,Brandon Kelly,Software Engineer,Data Science
emp_1076,Elizabeth French,Data Analyst,Operations
emp_1077,David Carter,Data Analyst,Product
emp_1078,Julie Delacruz,Data Analyst,Data Science
emp_1079,Terry Jones,Data Scientist,Product
emp_1080,Kathryn Dillon,Software Engineer,Research
emp_1081,Edwin Brown,Data Analyst,Data Science
emp_1082,Brenda Gonzalez,ML Engineer,Research
emp_1083,Keith Knox,Data Analyst,Operations
emp_1084,Eugene Baldwin,DevOps Engineer,Research
emp_1085,Katherine Welch,Software Engineer,Engineering
emp_1086,Mark Smith,DevOps Engineer,Engineering
emp_1087,Philip Jackson,ML Engineer,Data Science
emp_1088,Katherine Gallagher,DevOps Engineer,Product
emp_1089,Lucas Schultz,ML Engineer,Engineering
emp_1090,Vincent Reyes,Software Engineer,Operations
emp_1091,Curtis Watson,ML Engineer,Operations
emp_1092,Frank Whitaker,Software Engineer,Product
emp_1093,Michael Sims,Software Engineer,Research
emp_1094,Michael Cooper,Data Analyst,Research
emp_1095,James Chapman,Data Scientist,Product
emp_1096,Rodney Evans,Data Analyst,Product
emp_1097,Nicholas Carlson,Data Analyst,Data Science
emp_1098,Stephen Cowan,Data Scientist,Engineering
emp_1099,Steven Howard,DevOps Engineer,Product
emp_1100,Travis Hull,ML Engineer,Operations
emp_1101,Darryl Acosta,Data Analyst,Research
emp_1102,Nicholas Lawrence,Data Analyst,Product
emp_1103,Jacob Santos,Data Analyst,Engineering
emp_1104,Shawn Scott,Data Analyst,Product
emp_1105,Amber Vang,Software Engineer,Research
emp_1106,Martha Smith,ML Engineer,Data Science
emp_1107,Jennifer James,ML Engineer,Operations
emp_1108,Kara Hernandez,ML Engineer,Operations
emp_1109,Lorraine Turner,Data Analyst,Research
emp_1110,Mary Nelson,Software Engineer,Operations
emp_1111,Breanna Rivas,Data Analyst,Research
emp_1112,Nathan Wilson,DevOps Engineer,Research
emp_1113,Brian Gonzalez,Data Analyst,Data Science
emp_1114,Dennis Mills,ML Engineer,Research
emp_1115,Michael Phillips,Data Scientist,Research
emp_1116,Jon Clark,DevOps Engineer,Research
emp_1117,Erin Smith,Data Analyst,Product
emp_1118,Susan Conley,Data Scientist,Research
emp_1119,Brittany Davis,Data Scientist,Engineering
emp_1120,Misty Garcia,Product Manager,Research
emp_1121,David Hinton,ML Engineer,Research
emp_1122,John Garcia,Product Manager,Data Science
emp_1123,Andrew Roberts,ML Engineer,Product
emp_1124,Emily Rodgers,Product Manager,Operations
emp_1125,Peter Williams,Data Scientist,Data Science
emp_1126,Mary Jackson,Data Analyst,Research
emp_1127,Jeffrey Howell,DevOps Engineer,Engineering
emp_1128,Anna Briggs,Product Manager,Operations
emp_1129,James Rivers,Data Scientist,Operations
emp_1130,James Jefferson,ML Engineer,Research
emp_1131,Mariah Robles,DevOps Engineer,Operations
emp_1132,Michael Brown,Product Manager,Engineering
emp_1133,Caitlin Perry,Product Manager,Operations
emp_1134,Rebekah Gregory,Data Analyst,Product
emp_1135,James Howard,Data Analyst,Engineering
emp_1136,Michael Roberson,DevOps Engineer,Product
emp_1137,Bianca Knapp,Data Scientist,Data Science
emp_1138,Jason Williams,Product Manager,Engineering
emp_1139,Ernest Bush,Data Scientist,Operations
emp_1140,Patricia Ray,Software Engineer,Engineering
emp_1141,Vanessa Santiago,Product Manager,Engineering
emp_1142,Joseph Haynes,Data Scientist,Operations
emp_1143,Matthew Wright,Data Scientist,Product
emp_1144,Michael Cruz,DevOps Engineer,Data Science
emp_1145,Kristin Huerta,ML Engineer,Operations
emp_1146,Mason Moore,Software Engineer,Operations
emp_1147,Sarah Booth,DevOps Engineer,Operations
emp_1148,John Allen,DevOps Engineer,Engineering
emp_1149,Amber Walker,Data Analyst,Research
emp_1150,Jennifer Young,ML Engineer,Product
emp_1151,Robert West,Data Scientist,Data Science
emp_1152,Jillian Wilson,Product Manager,Operations
emp_1153,Matthew Garcia MD,Product Manager,Data Science
emp_1154,April Davis,Data Analyst,Data Science
emp_1155,Lisa Torres,Data Scientist,Engineering
emp_1156,Christine Powers,Software Engineer,Operations
emp_1157,Heidi Brown,Data Analyst,Research
emp_1158,Jesse Castro,DevOps Engineer,Research
emp_1159,Kara Sandoval,DevOps Engineer,Data Science
emp_1160,Ashley Malone,ML Engineer,Operations
emp_1161,Glenn Gallegos,Software Engineer,Data Science
emp_1162,Dorothy Boyd,Software Engineer,Data Science
emp_1163,Amber Martin,Data Analyst,Engineering
emp_1164,Mitchell Griffith,Data Scientist,Operations
emp_1165,Levi Lopez,Product Manager,Engineering
emp_1166,Jenna Bryant,ML Engineer,Data Science
emp_1167,Michelle Rodriguez,Data Scientist,Engineering
emp_1168,Timothy Monroe,Product Manager,Engineering
emp_1169,Patricia Hayes,DevOps Engineer,Research
emp_1170,Tina Taylor,Data Analyst,Engineering
emp_1171,Mr. Anthony Mcconnell PhD,ML Engineer,Engineering
emp_1172,Mr. Thomas Thompson,DevOps Engineer,Operations
emp_1173,Monica Anderson,ML Engineer,Research
emp_1174,Kyle Andrade,ML Engineer,Engineering
emp_1175,Janice Petty,ML Engineer,Research
emp_1176,Pamela Hill,Software Engineer,Data Science
emp_1177,Tracy Chavez,Data Analyst,Research
emp_1178,Jason Graves,Software Engineer,Research
emp_1179,Elizabeth Miles,Product Manager,Product
emp_1180,Michelle Walls,ML Engineer,Product
emp_1181,Christina Weber,ML Engineer,Research
emp_1182,Gregory Chambers,ML Engineer,Operations
emp_1183,Miss Tina Gordon,Software Engineer,Product
emp_1184,Erica Wilson,Data Scientist,Research
emp_1185,John Duncan,Product Manager,Data Science
emp_1186,Jennifer Adkins,Data Analyst,Operations
emp_1187,Donna Boone,Product Manager,Operations
emp_1188,Kelly Johnson,Data Scientist,Product
emp_1189,Michael Gonzalez,Data Analyst,Operations
emp_1190,Candace Mitchell,Product Manager,Product
emp_1191,Ryan Vaughn,Data Analyst,Operations
emp_1192,Paul Johnson,DevOps Engineer,Data Science
emp_1193,Ashley Parrish,Software Engineer,Operations
emp_1194,Sharon Newton,ML Engineer,Research
emp_1195,Cynthia Mueller,DevOps Engineer,Data Science
emp_1196,Donna Beck,ML Engineer,Product
emp_1197,Jasmine Frye,Data Analyst,Data Science
emp_1198,Emily Arnold,DevOps Engineer,Engineering
emp_1199,David Oliver,Product Manager,Operations
emp_1200,Sheila Greer,DevOps Engineer,Research
emp_1201,Michele Holland,Product Manager,Data Science
emp_1202,Kimberly Morrison,DevOps Engineer,Data Science
emp_1203,Tracey Phillips,Software Engineer,Data Science
emp_1204,Michael Lopez,Software Engineer,Engineering
emp_1205,Jose Bennett,DevOps Engineer,Product
emp_1206,Justin Anderson,Data Scientist,Research
emp_1207,Dawn Rivera,Data Analyst,Data Science
emp_1208,Brittney Hernandez,Data Scientist,Product
emp_1209,Anthony Randolph,DevOps Engineer,Research
emp_1210,Mary Henry,Product Manager,Engineering
emp_1211,Heather Bowers,Data Scientist,Data Science
emp_1212,Daniel White,Product Manager,Research
emp_1213,Jonathan Perry,ML Engineer,Operations
emp_1214,Anna Walker,ML Engineer,Product
emp_1215,Gary Ward,Software Engineer,Engineering
emp_1216,Paul Moreno,ML Engineer,Data Science
emp_1217,Samantha Zavala MD,Data Analyst,Engineering
emp_1218,Jill Conway,Data Analyst,Operations
emp_1219,Lisa Haley,ML Engineer,Research
emp_1220,Erica Moon,Data Analyst,Data Science
emp_1221,Janice Fernandez,DevOps Engineer,Data Science
emp_1222,Thomas Short,Product Manager,Product
emp_1223,Robert Griffin,Software Engineer,Operations
emp_1224,Steven Lee,DevOps Engineer,Research
emp_1225,Tiffany Jackson,Data Analyst,Product
emp_1226,Kimberly Smith,Software Engineer,Product
emp_1227,Michael Ayala,Software Engineer,Research
emp_1228,Jessica Garcia,DevOps Engineer,Operations
emp_1229,Michele Cherry,Data Scientist,Operations
emp_1230,Maria Case,Software Engineer,Data Science
emp_1231,Brittany Stevens,Software Engineer,Product
emp_1232,Brandon Brown,DevOps Engineer,Engineering
emp_1233,Kristin Andrews,Product Manager,Data Science
emp_1234,David Hughes,Data Analyst,Data Science
emp_1235,Jessica Smith,Data Scientist,Product
emp_1236,Kimberly May,Product Manager,Research
emp_1237,Nicole Richards,Product Manager,Operations
emp_1238,Angel Reilly,Software Engineer,Data Science
emp_1239,Richard Turner,ML Engineer,Product
emp_1240,Preston Kim,ML Engineer,Operations
emp_1241,Matthew Wells,Product Manager,Data Science
emp_1242,Brandy Myers,DevOps Engineer,Research
emp_1243,Kimberly Choi,Data Analyst,Product
emp_1244,Michael Sloan,Software Engineer,Operations
emp_1245,Monica Brooks,Data Analyst,Operations
emp_1246,Kristen Peters,DevOps Engineer,Data Science
emp_1247,Aaron Carlson,Data Analyst,Product
emp_1248,Theresa Torres,ML Engineer,Data Science
emp_1249,Stephanie Cooper,Data Analyst,Research
emp_1250,Matthew Hunt,DevOps Engineer,Data Science
emp_1251,Daniel Davenport,Product Manager,Engineering
emp_1252,Christopher Marsh,Product Manager,Engineering
emp_1253,Sarah Randolph,Data Scientist,Engineering
emp_1254,Julia Dunn MD,Data Scientist,Operations
emp_1255,Brett Swanson,ML Engineer,Data Science
emp_1256,Mr. Carl Rios,Data Scientist,Data Science
emp_1257,Manuel Mccullough,Data Scientist,Data Science
emp_1258,Jerry Jensen,Product Manager,Operations
emp_1259,Kevin Cunningham,Software Engineer,Engineering
emp_1260,Eugene Patterson,Product Manager,Research
emp_1261,David Walker,DevOps Engineer,Operations
emp_1262,Jessica Larsen,Data Scientist,Engineering
emp_1263,Nicholas Humphrey,Product Manager,Research
emp_1264,Ian Torres,DevOps Engineer,Engineering
emp_1265,Casey Obrien,Data Scientist,Research
emp_1266,Shannon Taylor,Data Analyst,Product
emp_1267,Deborah Mercado,Product Manager,Product
emp_1268,Bernard Smith,Data Scientist,Research
emp_1269,Amanda Perkins,Data Analyst,Operations
emp_1270,Kevin Escobar,ML Engineer,Engineering
emp_1271,Kimberly Lutz,Data Scientist,Research
emp_1272,Reginald Diaz,ML Engineer,Data Science
emp_1273,Raymond Quinn,ML Engineer,Research
emp_1274,John Dixon,Product Manager,Product
emp_1275,Jonathan Bates,Software Engineer,Product
emp_1276,Renee Mendez,DevOps Engineer,Engineering
emp_1277,Jose Griffin,Software Engineer,Operations
emp_1278,Travis Hopkins,DevOps Engineer,Research
emp_1279,Nancy Webb,ML Engineer,Data Science
emp_1280,Daniel Freeman,Software Engineer,Engineering
emp_1281,Jacob Williams,Data Analyst,Engineering
emp_1282,Terry Ward,Data Scientist,Operations
emp_1283,Jesse Williams,DevOps Engineer,Operations
emp_1284,Mrs. Michele Boyd,Product Manager,Operations
emp_1285,Sandy Baker,Data Scientist,Engineering
emp_1286,Carrie Valdez,Data Analyst,Data Science
emp_1287,Matthew Houston,Data Scientist,Operations
emp_1288,Jamie Solomon,DevOps Engineer,Product
emp_1289,Heather Parrish,Product Manager,Engineering
emp_1290,Mr. Larry Shaw,Product Manager,Engineering
emp_1291,Christopher Jones,ML Engineer,Data Science
emp_1292,Christine Lopez,Data Analyst,Research
emp_1293,Mitchell Wilson,DevOps Engineer,Product
emp_1294,Robert Cortez,Data Scientist,Engineering
emp_1295,Mr. Daniel Martin,Data Analyst,Product
emp_1296,Alison Williams,Product Manager,Research
emp_1297,Candace Soto,Data Analyst,Engineering
emp_1298,Kenneth Brown,ML Engineer,Product
emp_1299,Christopher Mullen,Data Scientist,Data Science
emp_1300,Kristy Smith,Product Manager,Data Science
emp_1301,Mary Campbell,Data Analyst,Operations
emp_1302,Jerry Haney,Data Scientist,Product
emp_1303,Carolyn Greer,ML Engineer,Research
emp_1304,Rebecca Hoover,ML Engineer,Research
emp_1305,Matthew Baker,DevOps Engineer,Research
emp_1306,Grace Chavez,Software Engineer,Operations
emp_1307,Crystal Cruz,Data Analyst,Data Science
emp_1308,Dale Heath,Data Analyst,Engineering
emp_1309,Jennifer Hernandez,Product Manager,Product
emp_1310,John Mendez,Data Scientist,Engineering
emp_1311,Richard Gordon,DevOps Engineer,Data Science
emp_1312,John Anderson,Data Scientist,Product
emp_1313,Samantha Prince,Product Manager,Research
emp_1314,Marie Boyd,Product Manager,Operations
emp_1315,Andrew Moreno,Software Engineer,Engineering
emp_1316,Robert Clarke,Data Analyst,Product
emp_1317,Kevin Figueroa,DevOps Engineer,Operations
emp_1318,Melissa Davis,ML Engineer,Product
emp_1319,John Hall,Product Manager,Operations
emp_1320,Diane Mcdowell,DevOps Engineer,Data Science
emp_1321,Colin Fletcher,Data Analyst,Research
emp_1322,Laura Wilson,Data Analyst,Operations
emp_1323,Matthew Watts,Data Scientist,Research
emp_1324,Jack Moore,Software Engineer,Data Science
emp_1325,Dawn Wyatt,Data Analyst,Engineering
emp_1326,Jacob Hill,Data Scientist,Product
emp_1327,Nicole Gutierrez,ML Engineer,Operations
emp_1328,Karen Wood,Data Analyst,Data Science
emp_1329,Dawn Parker,Data Analyst,Operations
emp_1330,Michael Fitzgerald,Software Engineer,Product
emp_1331,Mary Adkins,Data Scientist,Engineering
emp_1332,Michael Martin,Data Scientist,Product
emp_1333,James Morgan,DevOps Engineer,Product
emp_1334,Melissa Mann,Software Engineer,Engineering
emp_1335,Vincent Smith,ML Engineer,Engineering
emp_1336,Charles Frost,ML Engineer,Operations
emp_1337,Austin Walker,DevOps Engineer,Research
emp_1338,Andrew Cruz,Product Manager,Research
emp_1339,Miss Kelly Dawson,DevOps Engineer,Engineering
emp_1340,Theresa Wilkins,Data Scientist,Engineering
emp_1341,Jessica Harris,Software Engineer,Research
emp_1342,Regina Mitchell,Data Scientist,Research
emp_1343,Kyle Black,Product Manager,Product
emp_1344,Christopher Johnson,DevOps Engineer,Engineering
emp_1345,Aaron Moore,Software Engineer,Operations
emp_1346,Penny Gomez MD,DevOps Engineer,Engineering
emp_1347,Kelly Mclaughlin,Data Analyst,Research
emp_1348,Brandon Mitchell,ML Engineer,Research
emp_1349,Suzanne Bailey,Product Manager,Data Science
emp_1350,Destiny Obrien,Data Analyst,Operations
emp_1351,Timothy Andrews,ML Engineer,Data Science
emp_1352,Jason Rodriguez,Software Engineer,Product
emp_1353,Edward Arroyo,Software Engineer,Operations
emp_1354,Tina Walter,ML Engineer,Engineering
emp_1355,Laura Benson,ML Engineer,Operations
emp_1356,Kristine Carrillo,Software Engineer,Operations
emp_1357,Tonya Ellis,Software Engineer,Operations
emp_1358,Kevin Johnson,Data Scientist,Product
emp_1359,Austin Schultz,Software Engineer,Data Science
emp_1360,Megan Hall MD,Data Analyst,Operations
emp_1361,Kelli Smith,Product Manager,Research
emp_1362,Danielle Davis,ML Engineer,Operations
emp_1363,Samantha Jones,Data Scientist,Data Science
emp_1364,Karen Gomez,Software Engineer,Engineering
emp_1365,Debra Valentine,DevOps Engineer,Product
emp_1366,Susan Porter,Product Manager,Operations
emp_1367,Nicolas Salas,Software Engineer,Operations
emp_1368,Dale Wright,Software Engineer,Operations
emp_1369,Brittney Rodriguez,Data Analyst,Research
emp_1370,Megan Alvarado,ML Engineer,Product
emp_1371,Pamela Weaver,Software Engineer,Research
emp_1372,John Oliver,Data Analyst,Data Science
emp_1373,William Prince PhD,DevOps Engineer,Product
emp_1374,William Moon IV,ML Engineer,Operations
emp_1375,Kenneth Brown,Software Engineer,Product
emp_1376,Karen Fernandez,Data Analyst,Operations
emp_1377,Jennifer Parks,Product Manager,Data Science
emp_1378,William Wolfe,Software Engineer,Operations
emp_1379,Michael Smith,Software Engineer,Operations
emp_1380,Kevin Nguyen,Software Engineer,Engineering
emp_1381,Debbie Dunn,Product Manager,Data Science
emp_1382,John Austin,Product Manager,Research
emp_1383,Jonathan Clark,ML Engineer,Research
emp_1384,Jacqueline Dickerson,Data Scientist,Operations
emp_1385,Christopher Anderson,Data Analyst,Data Science
emp_1386,Crystal Garcia,DevOps Engineer,Product
emp_1387,David Reynolds,Data Analyst,Engineering
emp_1388,Charles Haley,DevOps Engineer,Operations
emp_1389,Robert Thompson,ML Engineer,Product
emp_1390,Dr. Samuel Holmes DDS,ML Engineer,Product
emp_1391,Elizabeth Hart,Data Analyst,Data Science
emp_1392,Jennifer Vaughn,Data Analyst,Operations
emp_1393,Robert Woods,DevOps Engineer,Engineering
emp_1394,Joanna Cook,DevOps Engineer,Research
emp_1395,Justin Frederick,DevOps Engineer,Research
emp_1396,Alejandro Martinez,DevOps Engineer,Research
emp_1397,Tracey Gonzalez,Product Manager,Operations
emp_1398,Mariah Thompson,Product Manager,Engineering
emp_1399,Heather Nunez,Software Engineer,Research
emp_1400,Dr. Steve James,Product Manager,Engineering
emp_1401,Mark Thomas,Data Scientist,Data Science
emp_1402,Robert Rogers,Data Analyst,Product
emp_1403,Laura Sweeney,ML Engineer,Research
emp_1404,Christopher Perez,Data Scientist,Research
emp_1405,Eddie Adams,Data Analyst,Operations
emp_1406,Denise Wallace,Software Engineer,Operations
emp_1407,Heidi Matthews,Data Scientist,Engineering
emp_1408,Jennifer White,Data Scientist,Product
emp_1409,Nicholas Stanley,ML Engineer,Research
emp_1410,Mercedes Miller,Data Analyst,Research
emp_1411,Brian Brown,Product Manager,Research
emp_1412,Kimberly Johnson,Data Analyst,Research
emp_1413,Phillip Miller,ML Engineer,Operations
emp_1414,Christopher Pena,Software Engineer,Operations
emp_1415,Ellen Wright,DevOps Engineer,Research
emp_1416,Mark Anderson,Data Analyst,Research
emp_1417,Alyssa Alvarado,ML Engineer,Product
emp_1418,Erika Alvarez,Data Scientist,Operations
emp_1419,Kimberly Nelson,Data Scientist,Product
emp_1420,Wayne Wolfe,DevOps Engineer,Engineering
emp_1421,Kyle Welch,Data Scientist,Data Science
emp_1422,Kristy Mills,Software Engineer,Product
emp_1423,Emily Reed,Software Engineer,Operations
emp_1424,Regina Ramos,ML Engineer,Research
emp_1425,David Torres,DevOps Engineer,Product
emp_1426,Robert Charles,DevOps Engineer,Engineering
emp_1427,John Smith,DevOps Engineer,Operations
emp_1428,Theresa Woods,Software Engineer,Engineering
emp_1429,Jeffrey Carter,Software Engineer,Engineering
emp_1430,Adam Brooks,Data Analyst,Engineering
emp_1431,Justin Foster,Data Scientist,Product
emp_1432,Omar Price,Data Analyst,Engineering
emp_1433,Dennis Henderson,Data Analyst,Data Science
emp_1434,Phillip Kent,Data Analyst,Data Science
emp_1435,Melinda Mitchell,Product Manager,Data Science
emp_1436,Rhonda Gutierrez,Product Manager,Data Science
emp_1437,Catherine Roberts,Software Engineer,Research
emp_1438,Lisa Nelson,DevOps Engineer,Operations
emp_1439,Chelsea Smith,ML Engineer,Operations
emp_1440,Joseph Lopez,Data Analyst,Data Science
emp_1441,Derrick Espinoza,ML Engineer,Operations
emp_1442,Crystal Hernandez,DevOps Engineer,Engineering
emp_1443,Glenn Collins DDS,Data Analyst,Research
emp_1444,Mrs. Raven Rivera DVM,ML Engineer,Operations
emp_1445,Amy Rowe,Product Manager,Operations
emp_1446,John Lee,DevOps Engineer,Engineering
emp_1447,Ruth Clayton,Data Analyst,Data Science
emp_1448,Randy Wright,ML Engineer,Product
emp_1449,Jessica Rojas,Data Analyst,Engineering
emp_1450,Joel Wise,Product Manager,Engineering
emp_1451,Vickie Kennedy,Product Manager,Data Science
emp_1452,Emily Morris,Software Engineer,Product
emp_1453,Amanda Pineda,ML Engineer,Operations
emp_1454,Dawn Little,Data Scientist,Product
emp_1455,Stephen Boyer,Data Analyst,Operations
emp_1456,Brian Chen,Product Manager,Product
emp_1457,Christopher Hill,Product Manager,Operations
emp_1458,Richard Smith,Product Manager,Operations
emp_1459,Richard Alvarez,Product Manager,Engineering
emp_1460,Jacqueline Davis,Software Engineer,Product
emp_1461,Brandon Montgomery,DevOps Engineer,Research
emp_1462,Yolanda Garrett,ML Engineer,Product
emp_1463,Matthew Miles,Product Manager,Research
emp_1464,Beth Hall,Data Scientist,Data Science
emp_1465,Dr. Nicole Trujillo,Software Engineer,Engineering
emp_1466,Corey Norris,ML Engineer,Product
emp_1467,Chad Roach,Data Scientist,Data Science
emp_1468,Mr. Edward Terry,Software Engineer,Data Science
emp_1469,Cody Bailey,Product Manager,Operations
emp_1470,Denise Guerra,DevOps Engineer,Research
emp_1471,Kristen Jones,ML Engineer,Research
emp_1472,Edward Baker,DevOps Engineer,Operations
emp_1473,Aaron Little,ML Engineer,Operations
emp_1474,Cody Smith,Data Analyst,Research
emp_1475,Patty Allen,Data Analyst,Data Science
emp_1476,Mary Ryan,Product Manager,Data Science
emp_1477,Joseph Jimenez,DevOps Engineer,Product
emp_1478,Lisa Morris,ML Engineer,Data Science
emp_1479,Ashley Mills,Software Engineer,Operations
emp_1480,Russell Anderson,Product Manager,Engineering
emp_1481,Christina Washington,Software Engineer,Engineering
emp_1482,Kenneth Huff,DevOps Engineer,Data Science
emp_1483,Kelly Miles,ML Engineer,Operations
emp_1484,Jacob Obrien,Product Manager,Research
emp_1485,Timothy Clark,Data Analyst,Operations
emp_1486,Steve Miller PhD,DevOps Engineer,Operations
emp_1487,Justin Hurley,DevOps Engineer,Operations
emp_1488,Jacob Erickson,DevOps Engineer,Data Science
emp_1489,Deborah Williams,Data Scientist,Research
emp_1490,Eric Blackburn,Data Scientist,Data Science
emp_1491,Anne Hardy,Software Engineer,Engineering
emp_1492,Chelsey Fox,Software Engineer,Data Science
emp_1493,Mario White,Product Manager,Product
emp_1494,Jennifer Garcia,ML Engineer,Operations
emp_1495,Heather Ellis,Product Manager,Operations
emp_1496,Sonya Jackson,Product Manager,Research
emp_1497,James Morgan,Data Scientist,Research
emp_1498,Zachary Ramos,Data Scientist,Product
emp_1499,Ethan Frey,Product Manager,Product
