employee_id,skill_name
emp_0,C++
emp_0,ReinforcementLearning
emp_0,DataVisualization
emp_1,Docker
emp_1,ComputerVision
emp_1,JavaScript
emp_1,ReinforcementLearning
emp_2,Monitoring
emp_2,C++
emp_2,Python
emp_2,SQL
emp_3,Ansible
emp_3,Docker
emp_4,Azure
emp_4,Monitoring
emp_4,AWS
emp_4,CI/CD
emp_5,DeepLearning
emp_5,AWS
emp_5,SQL
emp_5,Terraform
emp_5,DataVisualization
emp_6,Java
emp_6,TypeScript
emp_6,SQL
emp_7,ComputerVision
emp_7,Monitoring
emp_7,Java
emp_7,CI/CD
emp_7,AWS
emp_8,Ansible
emp_8,NaturalLanguageProcessing
emp_8,ComputerVision
emp_8,JavaScript
emp_9,R
emp_9,C++
emp_9,Monitoring
emp_9,TypeScript
emp_9,AWS
emp_10,Ansible
emp_10,TypeScript
emp_10,Kubernetes
emp_11,JavaScript
emp_11,NaturalLanguageProcessing
emp_12,JavaScript
emp_12,NaturalLanguageProcessing
emp_12,C++
emp_12,R
emp_12,SQL
emp_13,Docker
emp_13,AWS
emp_14,DeepLearning
emp_14,Java
emp_14,Azure
emp_15,ReinforcementLearning
emp_15,NaturalLanguageProcessing
emp_16,SQL
emp_16,Ansible
emp_17,NaturalLanguageProcessing
emp_17,Monitoring
emp_17,Kubernetes
emp_17,ReinforcementLearning
emp_17,C++
emp_18,DataVisualization
emp_18,Java
emp_19,Kubernetes
emp_19,Docker
emp_20,SQL
emp_20,ComputerVision
emp_20,CI/CD
emp_21,Docker
emp_21,R
emp_21,SQL
emp_21,C++
emp_21,JavaScript
emp_22,SQL
emp_22,ReinforcementLearning
emp_23,SQL
emp_23,DataVisualization
emp_23,AWS
emp_23,ComputerVision
emp_24,NaturalLanguageProcessing
emp_24,Azure
emp_24,R
emp_24,CI/CD
emp_25,DeepLearning
emp_25,DataVisualization
emp_25,TypeScript
emp_25,Java
emp_26,Monitoring
emp_26,ComputerVision
emp_26,CI/CD
emp_26,NaturalLanguageProcessing
emp_26,Docker
emp_27,Docker
emp_27,Terraform
emp_27,Python
emp_27,TypeScript
emp_27,ComputerVision
emp_28,AWS
emp_28,R
emp_29,CI/CD
emp_29,Azure
emp_29,Monitoring
emp_29,C++
emp_29,Terraform
emp_30,AWS
emp_30,ComputerVision
emp_30,Azure
emp_31,SQL
emp_31,Terraform
emp_31,Kubernetes
emp_32,DataVisualization
emp_32,DeepLearning
emp_32,Monitoring
emp_32,ComputerVision
emp_32,C++
emp_33,Azure
emp_33,Python
emp_34,NaturalLanguageProcessing
emp_34,Python
emp_34,TypeScript
emp_35,Python
emp_35,Docker
emp_35,SQL
emp_35,AWS
emp_36,C++
emp_36,AWS
emp_36,CI/CD
emp_36,ComputerVision
emp_37,JavaScript
emp_37,CI/CD
emp_37,Docker
emp_37,DeepLearning
emp_37,TypeScript
emp_38,AWS
emp_38,ReinforcementLearning
emp_38,Ansible
emp_39,DeepLearning
emp_39,NaturalLanguageProcessing
emp_40,Docker
emp_40,Java
emp_40,SQL
emp_40,Python
emp_40,DeepLearning
emp_41,C++
emp_41,Kubernetes
emp_41,AWS
emp_42,ReinforcementLearning
emp_42,CI/CD
emp_42,DeepLearning
emp_42,Python
emp_43,Java
emp_43,ComputerVision
emp_44,ComputerVision
emp_44,Terraform
emp_44,JavaScript
emp_44,NaturalLanguageProcessing
emp_45,Monitoring
emp_45,DataVisualization
emp_45,JavaScript
emp_45,Docker
emp_46,SQL
emp_46,NaturalLanguageProcessing
emp_46,C++
emp_47,NaturalLanguageProcessing
emp_47,Kubernetes
emp_47,Monitoring
emp_47,Java
emp_48,C++
emp_48,TypeScript
emp_48,DeepLearning
emp_49,DeepLearning
emp_49,DataVisualization
emp_50,Ansible
emp_50,ReinforcementLearning
emp_51,Ansible
emp_51,Monitoring
emp_52,DataVisualization
emp_52,Azure
emp_52,AWS
emp_53,JavaScript
emp_53,AWS
emp_53,DataVisualization
emp_53,ComputerVision
emp_54,SQL
emp_54,ReinforcementLearning
emp_55,Kubernetes
emp_55,C++
emp_55,ReinforcementLearning
emp_55,Docker
emp_55,R
emp_56,ReinforcementLearning
emp_56,ComputerVision
emp_56,Python
emp_56,Azure
emp_57,SQL
emp_57,ComputerVision
emp_57,DataVisualization
emp_57,Docker
emp_58,AWS
emp_58,Python
emp_58,NaturalLanguageProcessing
emp_58,Java
emp_59,ReinforcementLearning
emp_59,JavaScript
emp_59,Monitoring
emp_60,DeepLearning
emp_60,DataVisualization
emp_61,Docker
emp_61,ComputerVision
emp_61,AWS
emp_61,Ansible
emp_61,NaturalLanguageProcessing
emp_62,SQL
emp_62,ComputerVision
emp_62,Kubernetes
emp_62,ReinforcementLearning
emp_62,DeepLearning
emp_63,Java
emp_63,TypeScript
emp_63,NaturalLanguageProcessing
emp_63,Monitoring
emp_63,C++
emp_64,Python
emp_64,AWS
emp_64,Ansible
emp_65,Azure
emp_65,TypeScript
emp_65,C++
emp_66,Java
emp_66,SQL
emp_66,C++
emp_66,R
emp_67,Java
emp_67,Docker
emp_68,Ansible
emp_68,CI/CD
emp_68,Kubernetes
emp_68,Java
emp_69,Monitoring
emp_69,DataVisualization
emp_69,NaturalLanguageProcessing
emp_69,AWS
emp_70,Ansible
emp_70,DataVisualization
emp_70,Python
emp_70,ReinforcementLearning
emp_71,Terraform
emp_71,DeepLearning
emp_71,DataVisualization
emp_71,Java
emp_72,Ansible
emp_72,Kubernetes
emp_72,Docker
emp_73,Ansible
emp_73,R
emp_73,TypeScript
emp_74,ComputerVision
emp_74,DeepLearning
emp_75,CI/CD
emp_75,TypeScript
emp_76,SQL
emp_76,Kubernetes
emp_76,Python
emp_77,Ansible
emp_77,SQL
emp_77,ReinforcementLearning
emp_78,Ansible
emp_78,ReinforcementLearning
emp_78,Kubernetes
emp_78,Azure
emp_78,Terraform
emp_79,TypeScript
emp_79,Kubernetes
emp_79,Python
emp_79,Docker
emp_79,DataVisualization
emp_80,Azure
emp_80,SQL
emp_80,Python
emp_80,NaturalLanguageProcessing
emp_81,Monitoring
emp_81,Kubernetes
emp_81,DataVisualization
emp_82,Kubernetes
emp_82,ComputerVision
emp_82,DataVisualization
emp_83,Kubernetes
emp_83,JavaScript
emp_84,DataVisualization
emp_84,ComputerVision
emp_84,Docker
emp_85,Java
emp_85,JavaScript
emp_86,Java
emp_86,Docker
emp_86,Terraform
emp_86,Monitoring
emp_86,ReinforcementLearning
emp_87,JavaScript
emp_87,ComputerVision
emp_87,DeepLearning
emp_88,ReinforcementLearning
emp_88,ComputerVision
emp_88,Kubernetes
emp_88,Python
emp_89,Kubernetes
emp_89,TypeScript
emp_90,Monitoring
emp_90,C++
emp_90,Python
emp_91,R
emp_91,Monitoring
emp_91,C++
emp_91,AWS
emp_92,DeepLearning
emp_92,Java
emp_93,NaturalLanguageProcessing
emp_93,C++
emp_93,ComputerVision
emp_93,Azure
emp_94,R
emp_94,Python
emp_95,Azure
emp_95,Java
emp_96,Terraform
emp_96,Java
emp_97,Docker
emp_97,Python
emp_97,JavaScript
emp_97,DeepLearning
emp_97,AWS
emp_98,AWS
emp_98,Ansible
emp_98,DeepLearning
emp_99,Docker
emp_99,Terraform
emp_100,Java
emp_100,CI/CD
emp_101,TypeScript
emp_101,Azure
emp_101,ComputerVision
emp_102,ReinforcementLearning
emp_102,JavaScript
emp_102,Python
emp_103,SQL
emp_103,DeepLearning
emp_103,C++
emp_104,SQL
emp_104,AWS
emp_104,Kubernetes
emp_105,Terraform
emp_105,Java
emp_105,Monitoring
emp_105,Kubernetes
emp_105,AWS
emp_106,ReinforcementLearning
emp_106,C++
emp_106,SQL
emp_106,Terraform
emp_106,Monitoring
emp_107,Azure
emp_107,Terraform
emp_108,TypeScript
emp_108,Ansible
emp_108,Monitoring
emp_108,DeepLearning
emp_108,Python
emp_109,DeepLearning
emp_109,Java
emp_109,Kubernetes
emp_109,DataVisualization
emp_109,Monitoring
emp_110,Kubernetes
emp_110,Azure
emp_111,DataVisualization
emp_111,SQL
emp_112,C++
emp_112,ComputerVision
emp_112,R
emp_112,JavaScript
emp_113,CI/CD
emp_113,Docker
emp_113,DeepLearning
emp_113,Monitoring
emp_113,Python
emp_114,SQL
emp_114,CI/CD
emp_114,NaturalLanguageProcessing
emp_114,Python
emp_114,R
emp_115,DeepLearning
emp_115,JavaScript
emp_115,Monitoring
emp_116,JavaScript
emp_116,CI/CD
emp_116,Java
emp_116,ReinforcementLearning
emp_117,TypeScript
emp_117,JavaScript
emp_117,Python
emp_117,Monitoring
emp_118,ComputerVision
emp_118,Azure
emp_118,NaturalLanguageProcessing
emp_118,Java
emp_119,DataVisualization
emp_119,Monitoring
emp_119,R
emp_120,NaturalLanguageProcessing
emp_120,TypeScript
emp_121,DataVisualization
emp_121,AWS
emp_122,Docker
emp_122,JavaScript
emp_122,AWS
emp_122,R
emp_122,Ansible
emp_123,NaturalLanguageProcessing
emp_123,CI/CD
emp_124,ReinforcementLearning
emp_124,TypeScript
emp_124,ComputerVision
emp_124,Kubernetes
emp_125,Azure
emp_125,R
emp_125,SQL
emp_125,CI/CD
emp_126,Kubernetes
emp_126,SQL
emp_126,NaturalLanguageProcessing
emp_126,TypeScript
emp_126,Azure
emp_127,DeepLearning
emp_127,Ansible
emp_127,R
emp_127,Kubernetes
emp_127,DataVisualization
emp_128,Python
emp_128,Terraform
emp_128,Monitoring
emp_128,Azure
emp_129,AWS
emp_129,Terraform
emp_129,Python
emp_130,DataVisualization
emp_130,Azure
emp_130,C++
emp_130,Kubernetes
emp_131,JavaScript
emp_131,ReinforcementLearning
emp_131,TypeScript
emp_131,DeepLearning
emp_132,CI/CD
emp_132,ReinforcementLearning
emp_132,Java
emp_133,SQL
emp_133,R
emp_133,Kubernetes
emp_134,Kubernetes
emp_134,Python
emp_134,ComputerVision
emp_135,DeepLearning
emp_135,NaturalLanguageProcessing
emp_135,JavaScript
emp_135,AWS
emp_136,TypeScript
emp_136,ComputerVision
emp_136,SQL
emp_137,TypeScript
emp_137,Java
emp_137,NaturalLanguageProcessing
emp_137,DeepLearning
emp_137,R
emp_138,NaturalLanguageProcessing
emp_138,Monitoring
emp_138,DataVisualization
emp_139,SQL
emp_139,ReinforcementLearning
emp_139,Java
emp_139,CI/CD
emp_140,Azure
emp_140,Monitoring
emp_141,C++
emp_141,SQL
emp_141,Kubernetes
emp_141,TypeScript
emp_142,NaturalLanguageProcessing
emp_142,DataVisualization
emp_142,Ansible
emp_142,SQL
emp_142,R
emp_143,ReinforcementLearning
emp_143,Docker
emp_143,DeepLearning
emp_144,Monitoring
emp_144,DeepLearning
emp_145,ReinforcementLearning
emp_145,C++
emp_146,TypeScript
emp_146,SQL
emp_146,R
emp_146,NaturalLanguageProcessing
emp_147,Monitoring
emp_147,SQL
emp_147,C++
emp_147,ReinforcementLearning
emp_148,ReinforcementLearning
emp_148,TypeScript
emp_149,CI/CD
emp_149,R
emp_149,Docker
emp_149,C++
emp_150,R
emp_150,TypeScript
emp_150,Kubernetes
emp_150,DataVisualization
emp_150,NaturalLanguageProcessing
emp_151,Ansible
emp_151,TypeScript
emp_152,ReinforcementLearning
emp_152,AWS
emp_153,AWS
emp_153,JavaScript
emp_153,DeepLearning
emp_153,ReinforcementLearning
emp_154,Docker
emp_154,Kubernetes
emp_154,C++
emp_154,ReinforcementLearning
emp_155,SQL
emp_155,Python
emp_156,ComputerVision
emp_156,Docker
emp_156,Kubernetes
emp_156,Python
emp_157,JavaScript
emp_157,AWS
emp_157,Java
emp_157,TypeScript
emp_157,C++
emp_158,DeepLearning
emp_158,Python
emp_158,ReinforcementLearning
emp_159,Python
emp_159,Java
emp_159,Docker
emp_159,NaturalLanguageProcessing
emp_159,SQL
emp_160,JavaScript
emp_160,DeepLearning
emp_160,ComputerVision
emp_160,AWS
emp_160,Kubernetes
emp_161,Kubernetes
emp_161,CI/CD
emp_161,Ansible
emp_162,TypeScript
emp_162,Docker
emp_162,Java
emp_163,NaturalLanguageProcessing
emp_163,Python
emp_164,TypeScript
emp_164,Kubernetes
emp_165,DeepLearning
emp_165,CI/CD
emp_165,DataVisualization
emp_165,Java
emp_166,JavaScript
emp_166,Ansible
emp_166,Monitoring
emp_166,ComputerVision
emp_166,TypeScript
emp_167,NaturalLanguageProcessing
emp_167,ReinforcementLearning
emp_167,Java
emp_167,C++
emp_167,DeepLearning
emp_168,CI/CD
emp_168,Terraform
emp_168,R
emp_168,JavaScript
emp_169,JavaScript
emp_169,Kubernetes
emp_169,Terraform
emp_170,ReinforcementLearning
emp_170,DataVisualization
emp_171,Azure
emp_171,Terraform
emp_171,CI/CD
emp_171,Docker
emp_172,TypeScript
emp_172,SQL
emp_172,C++
emp_173,R
emp_173,ReinforcementLearning
emp_173,Java
emp_174,Kubernetes
emp_174,ReinforcementLearning
emp_174,C++
emp_175,JavaScript
emp_175,Ansible
emp_175,CI/CD
emp_175,SQL
emp_175,TypeScript
emp_176,Terraform
emp_176,C++
emp_177,SQL
emp_177,ReinforcementLearning
emp_177,Java
emp_178,Monitoring
emp_178,DataVisualization
emp_178,AWS
emp_178,Java
emp_178,Kubernetes
emp_179,C++
emp_179,CI/CD
emp_179,Azure
emp_180,R
emp_180,Azure
emp_180,Docker
emp_181,ReinforcementLearning
emp_181,Docker
emp_181,Terraform
emp_181,TypeScript
emp_182,NaturalLanguageProcessing
emp_182,CI/CD
emp_182,ReinforcementLearning
emp_182,Monitoring
emp_182,Java
emp_183,R
emp_183,AWS
emp_184,SQL
emp_184,DeepLearning
emp_184,Azure
emp_184,R
emp_185,ReinforcementLearning
emp_185,Terraform
emp_185,DataVisualization
emp_185,Java
emp_185,Ansible
emp_186,C++
emp_186,Kubernetes
emp_186,Terraform
emp_186,DeepLearning
emp_186,NaturalLanguageProcessing
emp_187,Docker
emp_187,Ansible
emp_187,Terraform
emp_188,JavaScript
emp_188,Python
emp_188,ComputerVision
emp_188,Ansible
emp_189,Java
emp_189,DeepLearning
emp_190,SQL
emp_190,Python
emp_190,AWS
emp_190,NaturalLanguageProcessing
emp_191,SQL
emp_191,Kubernetes
emp_192,Ansible
emp_192,Terraform
emp_192,Docker
emp_192,ComputerVision
emp_192,Kubernetes
emp_193,CI/CD
emp_193,Python
emp_194,ComputerVision
emp_194,Docker
emp_194,DataVisualization
emp_194,R
emp_194,Kubernetes
emp_195,Monitoring
emp_195,CI/CD
emp_195,TypeScript
emp_196,JavaScript
emp_196,DataVisualization
emp_196,Ansible
emp_196,DeepLearning
emp_197,AWS
emp_197,Terraform
emp_197,Azure
emp_197,NaturalLanguageProcessing
emp_197,Docker
emp_198,R
emp_198,Kubernetes
emp_198,CI/CD
emp_198,ComputerVision
emp_199,ComputerVision
emp_199,R
emp_200,R
emp_200,Terraform
emp_201,JavaScript
emp_201,Kubernetes
emp_202,DeepLearning
emp_202,Python
emp_203,AWS
emp_203,C++
emp_203,Java
emp_204,NaturalLanguageProcessing
emp_204,Java
emp_204,ReinforcementLearning
emp_204,Monitoring
emp_205,ComputerVision
emp_205,Docker
emp_206,Monitoring
emp_206,ComputerVision
emp_206,Azure
emp_206,JavaScript
emp_207,Python
emp_207,Terraform
emp_207,DataVisualization
emp_207,SQL
emp_207,Java
emp_208,NaturalLanguageProcessing
emp_208,Terraform
emp_208,Ansible
emp_208,SQL
emp_209,Ansible
emp_209,Java
emp_210,Docker
emp_210,R
emp_210,C++
emp_211,DataVisualization
emp_211,AWS
emp_211,R
emp_212,Terraform
emp_212,JavaScript
emp_213,AWS
emp_213,ReinforcementLearning
emp_214,Kubernetes
emp_214,Docker
emp_214,SQL
emp_214,DataVisualization
emp_214,ReinforcementLearning
emp_215,TypeScript
emp_215,JavaScript
emp_215,Kubernetes
emp_215,Azure
emp_216,Kubernetes
emp_216,C++
emp_216,Python
emp_216,NaturalLanguageProcessing
emp_217,AWS
emp_217,Docker
emp_217,SQL
emp_217,Kubernetes
emp_217,TypeScript
emp_218,TypeScript
emp_218,Terraform
emp_218,ReinforcementLearning
emp_218,Python
emp_219,Terraform
emp_219,R
emp_219,AWS
emp_220,CI/CD
emp_220,NaturalLanguageProcessing
emp_221,Terraform
emp_221,Monitoring
emp_221,TypeScript
emp_221,SQL
emp_222,SQL
emp_222,JavaScript
emp_222,CI/CD
emp_222,Terraform
emp_223,CI/CD
emp_223,NaturalLanguageProcessing
emp_223,DataVisualization
emp_223,Python
emp_224,Python
emp_224,Ansible
emp_224,SQL
emp_225,TypeScript
emp_225,DataVisualization
emp_225,ComputerVision
emp_226,R
emp_226,CI/CD
emp_227,DeepLearning
emp_227,Monitoring
emp_227,Kubernetes
emp_227,ReinforcementLearning
emp_227,AWS
emp_228,Java
emp_228,Monitoring
emp_228,Docker
emp_229,Java
emp_229,DataVisualization
emp_229,CI/CD
emp_229,Monitoring
emp_230,Monitoring
emp_230,NaturalLanguageProcessing
emp_230,CI/CD
emp_230,SQL
emp_230,JavaScript
emp_231,CI/CD
emp_231,AWS
emp_232,Python
emp_232,Docker
emp_232,ReinforcementLearning
emp_233,ReinforcementLearning
emp_233,TypeScript
emp_233,Ansible
emp_233,Terraform
emp_234,NaturalLanguageProcessing
emp_234,DataVisualization
emp_234,DeepLearning
emp_234,SQL
emp_234,Python
emp_235,Ansible
emp_235,SQL
emp_236,Python
emp_236,CI/CD
emp_236,Java
emp_236,NaturalLanguageProcessing
emp_237,Monitoring
emp_237,TypeScript
emp_237,Ansible
emp_237,Python
emp_237,DataVisualization
emp_238,Monitoring
emp_238,CI/CD
emp_238,AWS
emp_239,Monitoring
emp_239,Ansible
emp_239,ComputerVision
emp_239,DataVisualization
emp_239,Java
emp_240,R
emp_240,CI/CD
emp_241,TypeScript
emp_241,DeepLearning
emp_241,Terraform
emp_242,SQL
emp_242,Terraform
emp_242,NaturalLanguageProcessing
emp_242,C++
emp_242,CI/CD
emp_243,DataVisualization
emp_243,TypeScript
emp_243,Java
emp_243,Docker
emp_243,ReinforcementLearning
emp_244,DataVisualization
emp_244,ComputerVision
emp_244,Azure
emp_244,C++
emp_244,AWS
emp_245,Ansible
emp_245,CI/CD
emp_246,Java
emp_246,R
emp_247,SQL
emp_247,C++
emp_248,Ansible
emp_248,Docker
emp_248,AWS
emp_248,Java
emp_248,R
emp_249,Python
emp_249,Docker
emp_249,Terraform
emp_249,TypeScript
emp_249,AWS
emp_250,SQL
emp_250,ReinforcementLearning
emp_250,DataVisualization
emp_250,JavaScript
emp_250,Python
emp_251,Kubernetes
emp_251,Terraform
emp_251,DeepLearning
emp_251,Python
emp_251,Java
emp_252,TypeScript
emp_252,C++
emp_252,ComputerVision
emp_253,Docker
emp_253,ComputerVision
emp_253,DeepLearning
emp_254,Monitoring
emp_254,DeepLearning
emp_254,Python
emp_254,TypeScript
emp_255,R
emp_255,DeepLearning
emp_255,CI/CD
emp_255,Terraform
emp_256,Docker
emp_256,DataVisualization
emp_257,AWS
emp_257,Java
emp_258,CI/CD
emp_258,NaturalLanguageProcessing
emp_258,ComputerVision
emp_259,Terraform
emp_259,Ansible
emp_259,Docker
emp_259,Monitoring
emp_260,Java
emp_260,Ansible
emp_260,NaturalLanguageProcessing
emp_260,AWS
emp_260,Python
emp_261,CI/CD
emp_261,Azure
emp_262,Terraform
emp_262,Ansible
emp_262,AWS
emp_262,JavaScript
emp_263,Kubernetes
emp_263,JavaScript
emp_263,Ansible
emp_264,AWS
emp_264,ComputerVision
emp_265,C++
emp_265,Docker
emp_265,CI/CD
emp_265,NaturalLanguageProcessing
emp_266,Java
emp_266,Kubernetes
emp_267,TypeScript
emp_267,Kubernetes
emp_267,Docker
emp_268,Python
emp_268,R
emp_268,TypeScript
emp_268,Ansible
emp_269,R
emp_269,DataVisualization
emp_269,Monitoring
emp_269,Ansible
emp_270,ComputerVision
emp_270,TypeScript
emp_271,TypeScript
emp_271,Docker
emp_272,TypeScript
emp_272,Python
emp_272,CI/CD
emp_272,AWS
emp_273,DeepLearning
emp_273,CI/CD
emp_273,C++
emp_274,Java
emp_274,Python
emp_274,JavaScript
emp_274,ReinforcementLearning
emp_275,R
emp_275,Java
emp_276,Monitoring
emp_276,AWS
emp_276,Python
emp_276,Ansible
emp_277,Monitoring
emp_277,Kubernetes
emp_277,Docker
emp_277,Python
emp_277,TypeScript
emp_278,Docker
emp_278,Java
emp_278,AWS
emp_278,JavaScript
emp_279,Ansible
emp_279,DataVisualization
emp_279,ReinforcementLearning
emp_280,Java
emp_280,R
emp_280,SQL
emp_280,Terraform
emp_280,TypeScript
emp_281,TypeScript
emp_281,SQL
emp_281,CI/CD
emp_281,Kubernetes
emp_281,Monitoring
emp_282,Java
emp_282,ReinforcementLearning
emp_283,AWS
emp_283,TypeScript
emp_283,ReinforcementLearning
emp_284,Docker
emp_284,Terraform
emp_284,Ansible
emp_284,AWS
emp_285,Docker
emp_285,R
emp_286,Kubernetes
emp_286,CI/CD
emp_286,TypeScript
emp_286,JavaScript
emp_287,JavaScript
emp_287,SQL
emp_287,Python
emp_287,Kubernetes
emp_288,ComputerVision
emp_288,Python
emp_289,Azure
emp_289,AWS
emp_289,Java
emp_289,Ansible
emp_290,C++
emp_290,Python
emp_290,Ansible
emp_290,NaturalLanguageProcessing
emp_290,SQL
emp_291,R
emp_291,Python
emp_292,TypeScript
emp_292,Terraform
emp_293,CI/CD
emp_293,ComputerVision
emp_293,ReinforcementLearning
emp_293,AWS
emp_293,SQL
emp_294,DataVisualization
emp_294,Monitoring
emp_294,Azure
emp_294,JavaScript
emp_295,NaturalLanguageProcessing
emp_295,DeepLearning
emp_295,Docker
emp_296,Terraform
emp_296,JavaScript
emp_296,SQL
emp_296,Python
emp_297,Docker
emp_297,TypeScript
emp_297,Terraform
emp_297,DataVisualization
emp_298,Docker
emp_298,C++
emp_298,AWS
emp_298,SQL
emp_299,Docker
emp_299,Azure
emp_299,TypeScript
emp_300,Azure
emp_300,NaturalLanguageProcessing
emp_300,C++
emp_300,Monitoring
emp_300,DataVisualization
emp_301,R
emp_301,C++
emp_301,Terraform
emp_301,Ansible
emp_302,Java
emp_302,DataVisualization
emp_302,AWS
emp_302,ComputerVision
emp_302,C++
emp_303,Azure
emp_303,Terraform
emp_303,AWS
emp_303,C++
emp_304,SQL
emp_304,Azure
emp_304,ReinforcementLearning
emp_305,R
emp_305,Kubernetes
emp_305,NaturalLanguageProcessing
emp_305,SQL
emp_305,DeepLearning
emp_306,Azure
emp_306,AWS
emp_307,DataVisualization
emp_307,ComputerVision
emp_308,R
emp_308,Kubernetes
emp_308,C++
emp_308,Azure
emp_308,TypeScript
emp_309,ComputerVision
emp_309,SQL
emp_309,DeepLearning
emp_309,AWS
emp_310,Python
emp_310,R
emp_310,AWS
emp_310,Java
emp_310,NaturalLanguageProcessing
emp_311,JavaScript
emp_311,DataVisualization
emp_311,DeepLearning
emp_311,R
emp_311,Monitoring
emp_312,TypeScript
emp_312,Java
emp_312,Azure
emp_313,AWS
emp_313,TypeScript
emp_314,R
emp_314,ReinforcementLearning
emp_315,NaturalLanguageProcessing
emp_315,Python
emp_315,AWS
emp_315,ReinforcementLearning
emp_316,Ansible
emp_316,TypeScript
emp_317,DataVisualization
emp_317,Python
emp_318,DeepLearning
emp_318,Docker
emp_319,SQL
emp_319,TypeScript
emp_320,JavaScript
emp_320,R
emp_320,NaturalLanguageProcessing
emp_320,Java
emp_321,TypeScript
emp_321,JavaScript
emp_322,Ansible
emp_322,Python
emp_322,Terraform
emp_323,Monitoring
emp_323,Terraform
emp_323,Python
emp_323,ComputerVision
emp_324,AWS
emp_324,Terraform
emp_324,Docker
emp_324,JavaScript
emp_325,Python
emp_325,NaturalLanguageProcessing
emp_325,Docker
emp_325,DataVisualization
emp_325,Kubernetes
emp_326,R
emp_326,CI/CD
emp_326,TypeScript
emp_326,SQL
emp_326,Azure
emp_327,ReinforcementLearning
emp_327,CI/CD
emp_328,Python
emp_328,DeepLearning
emp_328,R
emp_329,ReinforcementLearning
emp_329,DeepLearning
emp_329,Java
emp_330,Docker
emp_330,DataVisualization
emp_331,TypeScript
emp_331,ComputerVision
emp_331,JavaScript
emp_332,Docker
emp_332,DeepLearning
emp_332,AWS
emp_332,CI/CD
emp_332,Ansible
emp_333,R
emp_333,CI/CD
emp_334,Terraform
emp_334,Java
emp_334,R
emp_335,Ansible
emp_335,Python
emp_335,Terraform
emp_336,JavaScript
emp_336,C++
emp_336,ReinforcementLearning
emp_336,Python
emp_337,CI/CD
emp_337,Kubernetes
emp_337,Python
emp_337,JavaScript
emp_337,Docker
emp_338,C++
emp_338,Monitoring
emp_338,Kubernetes
emp_338,DataVisualization
emp_339,Docker
emp_339,JavaScript
emp_339,Ansible
emp_339,Java
emp_340,Monitoring
emp_340,NaturalLanguageProcessing
emp_340,CI/CD
emp_340,SQL
emp_341,R
emp_341,Kubernetes
emp_341,NaturalLanguageProcessing
emp_342,ReinforcementLearning
emp_342,DeepLearning
emp_342,JavaScript
emp_343,Docker
emp_343,Ansible
emp_343,DataVisualization
emp_343,Terraform
emp_344,Ansible
emp_344,R
emp_344,ComputerVision
emp_344,Kubernetes
emp_344,TypeScript
emp_345,Monitoring
emp_345,Azure
emp_346,ComputerVision
emp_346,DeepLearning
emp_346,Kubernetes
emp_346,Docker
emp_346,C++
emp_347,Java
emp_347,DeepLearning
emp_348,Terraform
emp_348,Ansible
emp_348,SQL
emp_348,Kubernetes
emp_349,Java
emp_349,JavaScript
emp_350,Azure
emp_350,Java
emp_350,SQL
emp_350,Terraform
emp_350,Kubernetes
emp_351,Terraform
emp_351,Java
emp_352,SQL
emp_352,Monitoring
emp_352,TypeScript
emp_352,R
emp_352,Terraform
emp_353,DataVisualization
emp_353,ComputerVision
emp_353,AWS
emp_354,ReinforcementLearning
emp_354,C++
emp_355,Kubernetes
emp_355,Docker
emp_355,NaturalLanguageProcessing
emp_356,Monitoring
emp_356,SQL
emp_356,JavaScript
emp_356,DeepLearning
emp_356,DataVisualization
emp_357,ComputerVision
emp_357,ReinforcementLearning
emp_357,DeepLearning
emp_358,NaturalLanguageProcessing
emp_358,Kubernetes
emp_358,ReinforcementLearning
emp_358,Azure
emp_359,R
emp_359,Terraform
emp_359,Monitoring
emp_359,Ansible
emp_360,NaturalLanguageProcessing
emp_360,Java
emp_360,CI/CD
emp_361,DeepLearning
emp_361,Azure
emp_361,R
emp_362,ComputerVision
emp_362,Java
emp_363,Azure
emp_363,Java
emp_364,Kubernetes
emp_364,TypeScript
emp_365,CI/CD
emp_365,JavaScript
emp_365,Terraform
emp_366,CI/CD
emp_366,Azure
emp_366,Kubernetes
emp_367,Docker
emp_367,Monitoring
emp_368,DeepLearning
emp_368,AWS
emp_368,Java
emp_368,NaturalLanguageProcessing
emp_369,Java
emp_369,SQL
emp_369,ComputerVision
emp_369,Monitoring
emp_370,Ansible
emp_370,SQL
emp_370,C++
emp_371,R
emp_371,SQL
emp_371,Terraform
emp_372,CI/CD
emp_372,SQL
emp_372,C++
emp_372,Ansible
emp_373,Terraform
emp_373,Monitoring
emp_374,SQL
emp_374,NaturalLanguageProcessing
emp_374,Kubernetes
emp_374,C++
emp_375,SQL
emp_375,R
emp_375,ReinforcementLearning
emp_375,Monitoring
emp_376,Monitoring
emp_376,Ansible
emp_376,DataVisualization
emp_376,Terraform
emp_377,ComputerVision
emp_377,TypeScript
emp_377,SQL
emp_377,CI/CD
emp_378,TypeScript
emp_378,Monitoring
emp_378,SQL
emp_378,Python
emp_378,R
emp_379,NaturalLanguageProcessing
emp_379,AWS
emp_379,C++
emp_379,DataVisualization
emp_379,R
emp_380,JavaScript
emp_380,TypeScript
emp_380,Kubernetes
emp_381,DeepLearning
emp_381,Java
emp_381,Kubernetes
emp_381,Ansible
emp_381,Monitoring
emp_382,DeepLearning
emp_382,DataVisualization
emp_382,CI/CD
emp_382,Java
emp_382,Monitoring
emp_383,Azure
emp_383,JavaScript
emp_383,Java
emp_384,C++
emp_384,Azure
emp_384,DeepLearning
emp_385,ComputerVision
emp_385,CI/CD
emp_385,ReinforcementLearning
emp_385,Python
emp_385,SQL
emp_386,NaturalLanguageProcessing
emp_386,Python
emp_386,JavaScript
emp_386,R
emp_386,Terraform
emp_387,Python
emp_387,ReinforcementLearning
emp_387,ComputerVision
emp_387,Ansible
emp_388,CI/CD
emp_388,Python
emp_388,Java
emp_388,Terraform
emp_388,DeepLearning
emp_389,Python
emp_389,SQL
emp_389,Monitoring
emp_390,Azure
emp_390,JavaScript
emp_390,Monitoring
emp_390,Python
emp_391,NaturalLanguageProcessing
emp_391,AWS
emp_391,Monitoring
emp_392,Monitoring
emp_392,TypeScript
emp_393,JavaScript
emp_393,C++
emp_393,Monitoring
emp_393,ComputerVision
emp_393,NaturalLanguageProcessing
emp_394,Monitoring
emp_394,Terraform
emp_394,R
emp_394,DeepLearning
emp_395,Docker
emp_395,DeepLearning
emp_396,Kubernetes
emp_396,ComputerVision
emp_396,DeepLearning
emp_396,ReinforcementLearning
emp_397,Monitoring
emp_397,Ansible
emp_397,Terraform
emp_397,Python
emp_398,ComputerVision
emp_398,Azure
emp_399,C++
emp_399,Terraform
emp_400,SQL
emp_400,ReinforcementLearning
emp_400,AWS
emp_400,Kubernetes
emp_400,C++
emp_401,ReinforcementLearning
emp_401,Ansible
emp_402,C++
emp_402,Kubernetes
emp_402,AWS
emp_402,CI/CD
emp_403,CI/CD
emp_403,TypeScript
emp_403,Ansible
emp_403,Python
emp_403,DataVisualization
emp_404,NaturalLanguageProcessing
emp_404,JavaScript
emp_405,C++
emp_405,DeepLearning
emp_405,Kubernetes
emp_405,Docker
emp_405,R
emp_406,AWS
emp_406,ComputerVision
emp_406,Azure
emp_406,Terraform
emp_407,Kubernetes
emp_407,Java
emp_407,NaturalLanguageProcessing
emp_407,Python
emp_408,TypeScript
emp_408,Monitoring
emp_408,DeepLearning
emp_408,SQL
emp_409,JavaScript
emp_409,C++
emp_409,DeepLearning
emp_409,CI/CD
emp_410,R
emp_410,Ansible
emp_411,AWS
emp_411,NaturalLanguageProcessing
emp_411,Kubernetes
emp_412,Python
emp_412,ReinforcementLearning
emp_412,Azure
emp_412,Kubernetes
emp_412,DeepLearning
emp_413,DataVisualization
emp_413,Docker
emp_413,JavaScript
emp_413,Azure
emp_413,R
emp_414,DeepLearning
emp_414,R
emp_414,ComputerVision
emp_414,JavaScript
emp_415,R
emp_415,Kubernetes
emp_415,TypeScript
emp_416,CI/CD
emp_416,SQL
emp_417,Java
emp_417,CI/CD
emp_417,ReinforcementLearning
emp_417,NaturalLanguageProcessing
emp_417,Azure
emp_418,JavaScript
emp_418,DeepLearning
emp_418,ReinforcementLearning
emp_418,CI/CD
emp_419,R
emp_419,Kubernetes
emp_419,Monitoring
emp_419,Terraform
emp_420,JavaScript
emp_420,ReinforcementLearning
emp_420,AWS
emp_420,SQL
emp_421,NaturalLanguageProcessing
emp_421,Terraform
emp_422,Terraform
emp_422,Kubernetes
emp_422,AWS
emp_422,SQL
emp_423,ComputerVision
emp_423,Azure
emp_423,Kubernetes
emp_424,TypeScript
emp_424,DeepLearning
emp_425,ComputerVision
emp_425,C++
emp_426,Azure
emp_426,Kubernetes
emp_426,R
emp_426,ComputerVision
emp_427,JavaScript
emp_427,ReinforcementLearning
emp_428,DataVisualization
emp_428,Monitoring
emp_428,SQL
emp_428,AWS
emp_428,Docker
emp_429,JavaScript
emp_429,TypeScript
emp_429,NaturalLanguageProcessing
emp_429,ComputerVision
emp_430,JavaScript
emp_430,Python
emp_430,Azure
emp_430,Docker
emp_430,SQL
emp_431,Kubernetes
emp_431,Terraform
emp_432,Java
emp_432,Ansible
emp_432,C++
emp_432,DataVisualization
emp_432,CI/CD
emp_433,ComputerVision
emp_433,Kubernetes
emp_433,R
emp_433,C++
emp_433,CI/CD
emp_434,ComputerVision
emp_434,Ansible
emp_434,TypeScript
emp_435,Terraform
emp_435,ReinforcementLearning
emp_435,JavaScript
emp_435,Python
emp_436,Monitoring
emp_436,Java
emp_437,R
emp_437,SQL
emp_438,JavaScript
emp_438,Terraform
emp_438,Azure
emp_439,R
emp_439,Kubernetes
emp_439,Azure
emp_440,Ansible
emp_440,NaturalLanguageProcessing
emp_441,Docker
emp_441,Terraform
emp_442,ReinforcementLearning
emp_442,Azure
emp_442,NaturalLanguageProcessing
emp_442,DataVisualization
emp_443,Java
emp_443,Monitoring
emp_443,C++
emp_443,R
emp_443,Python
emp_444,Docker
emp_444,C++
emp_444,SQL
emp_444,Azure
emp_444,Terraform
emp_445,NaturalLanguageProcessing
emp_445,SQL
emp_446,SQL
emp_446,C++
emp_447,CI/CD
emp_447,C++
emp_447,Terraform
emp_447,JavaScript
emp_447,Java
emp_448,Monitoring
emp_448,NaturalLanguageProcessing
emp_448,TypeScript
emp_448,DataVisualization
emp_448,AWS
emp_449,DeepLearning
emp_449,Monitoring
emp_449,TypeScript
emp_449,Docker
emp_450,ComputerVision
emp_450,SQL
emp_450,CI/CD
emp_450,AWS
emp_450,JavaScript
emp_451,DataVisualization
emp_451,TypeScript
emp_452,Monitoring
emp_452,DeepLearning
emp_452,Kubernetes
emp_452,NaturalLanguageProcessing
emp_453,Ansible
emp_453,Kubernetes
emp_453,C++
emp_453,Docker
emp_453,Azure
emp_454,Ansible
emp_454,AWS
emp_454,DeepLearning
emp_454,TypeScript
emp_455,Azure
emp_455,NaturalLanguageProcessing
emp_456,CI/CD
emp_456,ComputerVision
emp_456,AWS
emp_457,AWS
emp_457,NaturalLanguageProcessing
emp_457,ReinforcementLearning
emp_457,Python
emp_458,Python
emp_458,AWS
emp_458,DataVisualization
emp_458,TypeScript
emp_459,Kubernetes
emp_459,ComputerVision
emp_460,C++
emp_460,Java
emp_460,DataVisualization
emp_460,JavaScript
emp_460,Python
emp_461,DeepLearning
emp_461,AWS
emp_461,ReinforcementLearning
emp_461,Monitoring
emp_462,TypeScript
emp_462,Azure
emp_462,Monitoring
emp_462,DataVisualization
emp_462,Java
emp_463,CI/CD
emp_463,C++
emp_463,NaturalLanguageProcessing
emp_464,CI/CD
emp_464,DeepLearning
emp_464,ReinforcementLearning
emp_464,Docker
emp_465,AWS
emp_465,ReinforcementLearning
emp_465,Monitoring
emp_465,Java
emp_466,Python
emp_466,Kubernetes
emp_466,Terraform
emp_466,NaturalLanguageProcessing
emp_467,C++
emp_467,ReinforcementLearning
emp_468,DataVisualization
emp_468,Azure
emp_468,AWS
emp_468,R
emp_469,DeepLearning
emp_469,R
emp_470,Monitoring
emp_470,SQL
emp_471,Python
emp_471,AWS
emp_472,AWS
emp_472,C++
emp_472,Kubernetes
emp_472,Monitoring
emp_472,Python
emp_473,Java
emp_473,Monitoring
emp_474,Python
emp_474,JavaScript
emp_474,ComputerVision
emp_474,TypeScript
emp_475,TypeScript
emp_475,ReinforcementLearning
emp_475,SQL
emp_476,AWS
emp_476,ReinforcementLearning
emp_476,DeepLearning
emp_476,ComputerVision
emp_476,CI/CD
emp_477,SQL
emp_477,NaturalLanguageProcessing
emp_477,DeepLearning
emp_477,Java
emp_477,AWS
emp_478,Ansible
emp_478,NaturalLanguageProcessing
emp_478,CI/CD
emp_478,TypeScript
emp_478,Terraform
emp_479,NaturalLanguageProcessing
emp_479,Java
emp_479,TypeScript
emp_480,Kubernetes
emp_480,Azure
emp_480,Java
emp_480,DeepLearning
emp_481,ComputerVision
emp_481,JavaScript
emp_481,Azure
emp_481,R
emp_482,Java
emp_482,R
emp_483,TypeScript
emp_483,ComputerVision
emp_483,JavaScript
emp_483,R
emp_484,NaturalLanguageProcessing
emp_484,Ansible
emp_484,DataVisualization
emp_485,TypeScript
emp_485,Terraform
emp_485,JavaScript
emp_485,NaturalLanguageProcessing
emp_486,Kubernetes
emp_486,DeepLearning
emp_487,Terraform
emp_487,SQL
emp_487,DataVisualization
emp_487,ComputerVision
emp_487,DeepLearning
emp_488,TypeScript
emp_488,DeepLearning
emp_489,Python
emp_489,DeepLearning
emp_490,Ansible
emp_490,ComputerVision
emp_490,ReinforcementLearning
emp_491,ComputerVision
emp_491,R
emp_491,C++
emp_492,Ansible
emp_492,Terraform
emp_493,DeepLearning
emp_493,Ansible
emp_493,Python
emp_494,SQL
emp_494,C++
emp_494,Python
emp_494,Docker
emp_495,Ansible
emp_495,DeepLearning
emp_495,SQL
emp_496,NaturalLanguageProcessing
emp_496,TypeScript
emp_496,ComputerVision
emp_497,ComputerVision
emp_497,Ansible
emp_497,Azure
emp_498,SQL
emp_498,AWS
emp_498,CI/CD
emp_499,Monitoring
emp_499,DeepLearning
emp_499,Python
emp_500,C++
emp_500,NaturalLanguageProcessing
emp_500,Terraform
emp_500,DataVisualization
emp_501,Monitoring
emp_501,Docker
emp_502,AWS
emp_502,DeepLearning
emp_502,R
emp_503,TypeScript
emp_503,Python
emp_503,Ansible
emp_503,DeepLearning
emp_503,CI/CD
emp_504,AWS
emp_504,Kubernetes
emp_504,JavaScript
emp_504,DeepLearning
emp_504,ReinforcementLearning
emp_505,Python
emp_505,NaturalLanguageProcessing
emp_505,TypeScript
emp_506,JavaScript
emp_506,Ansible
emp_506,Kubernetes
emp_507,ReinforcementLearning
emp_507,Kubernetes
emp_507,DataVisualization
emp_508,R
emp_508,Java
emp_508,DataVisualization
emp_508,ComputerVision
emp_508,TypeScript
emp_509,R
emp_509,JavaScript
emp_509,Python
emp_510,R
emp_510,Docker
emp_510,AWS
emp_510,Monitoring
emp_510,Kubernetes
emp_511,AWS
emp_511,SQL
emp_512,C++
emp_512,Python
emp_512,Kubernetes
emp_512,DataVisualization
emp_512,Azure
emp_513,ComputerVision
emp_513,C++
emp_513,CI/CD
emp_514,AWS
emp_514,NaturalLanguageProcessing
emp_514,C++
emp_514,DataVisualization
emp_514,CI/CD
emp_515,Ansible
emp_515,SQL
emp_515,NaturalLanguageProcessing
emp_516,CI/CD
emp_516,DeepLearning
emp_516,C++
emp_516,Monitoring
emp_516,Java
emp_517,DataVisualization
emp_517,ComputerVision
emp_517,Terraform
emp_517,NaturalLanguageProcessing
emp_517,C++
emp_518,Azure
emp_518,DataVisualization
emp_518,ComputerVision
emp_518,NaturalLanguageProcessing
emp_519,Ansible
emp_519,Monitoring
emp_519,NaturalLanguageProcessing
emp_519,JavaScript
emp_519,CI/CD
emp_520,Docker
emp_520,JavaScript
emp_520,NaturalLanguageProcessing
emp_521,CI/CD
emp_521,DeepLearning
emp_521,Azure
emp_521,C++
emp_522,ComputerVision
emp_522,Kubernetes
emp_522,DeepLearning
emp_523,Docker
emp_523,JavaScript
emp_523,DeepLearning
emp_523,Monitoring
emp_523,CI/CD
emp_524,Terraform
emp_524,R
emp_525,Terraform
emp_525,ReinforcementLearning
emp_525,TypeScript
emp_526,Docker
emp_526,AWS
emp_526,CI/CD
emp_526,C++
emp_527,Docker
emp_527,JavaScript
emp_527,TypeScript
emp_527,CI/CD
emp_528,JavaScript
emp_528,Docker
emp_528,ComputerVision
emp_528,R
emp_529,Python
emp_529,Azure
emp_529,ComputerVision
emp_529,ReinforcementLearning
emp_529,Monitoring
emp_530,SQL
emp_530,R
emp_530,CI/CD
emp_530,NaturalLanguageProcessing
emp_530,Azure
emp_531,Docker
emp_531,C++
emp_531,JavaScript
emp_531,NaturalLanguageProcessing
emp_531,Azure
emp_532,DataVisualization
emp_532,CI/CD
emp_533,Kubernetes
emp_533,TypeScript
emp_533,CI/CD
emp_533,JavaScript
emp_534,Azure
emp_534,Python
emp_534,AWS
emp_535,Azure
emp_535,DeepLearning
emp_535,SQL
emp_535,Docker
emp_536,Terraform
emp_536,Azure
emp_536,Python
emp_537,DataVisualization
emp_537,ReinforcementLearning
emp_537,DeepLearning
emp_538,AWS
emp_538,Docker
emp_538,Python
emp_538,R
emp_538,DeepLearning
emp_539,JavaScript
emp_539,Terraform
emp_539,Python
emp_539,Azure
emp_540,TypeScript
emp_540,SQL
emp_540,JavaScript
emp_540,Kubernetes
emp_540,Ansible
emp_541,Azure
emp_541,TypeScript
emp_541,Monitoring
emp_541,SQL
emp_542,DeepLearning
emp_542,SQL
emp_542,Terraform
emp_542,ReinforcementLearning
emp_542,Azure
emp_543,JavaScript
emp_543,Docker
emp_543,ComputerVision
emp_544,AWS
emp_544,R
emp_544,NaturalLanguageProcessing
emp_545,ComputerVision
emp_545,CI/CD
emp_545,Java
emp_545,R
emp_545,TypeScript
emp_546,Java
emp_546,SQL
emp_546,C++
emp_546,Docker
emp_547,Docker
emp_547,Monitoring
emp_547,Azure
emp_547,JavaScript
emp_548,C++
emp_548,JavaScript
emp_548,Azure
emp_548,Python
emp_548,Monitoring
emp_549,R
emp_549,Azure
emp_549,TypeScript
emp_550,NaturalLanguageProcessing
emp_550,C++
emp_551,Ansible
emp_551,SQL
emp_551,R
emp_551,Python
emp_551,Java
emp_552,Azure
emp_552,Ansible
emp_553,DataVisualization
emp_553,NaturalLanguageProcessing
emp_553,Ansible
emp_553,SQL
emp_553,AWS
emp_554,C++
emp_554,Python
emp_554,TypeScript
emp_554,DataVisualization
emp_555,TypeScript
emp_555,ComputerVision
emp_555,Docker
emp_555,Monitoring
emp_556,Docker
emp_556,CI/CD
emp_557,Ansible
emp_557,DeepLearning
emp_557,SQL
emp_558,Python
emp_558,DeepLearning
emp_558,AWS
emp_558,Docker
emp_559,Azure
emp_559,CI/CD
emp_559,ComputerVision
emp_559,Ansible
emp_560,Monitoring
emp_560,Python
emp_561,Docker
emp_561,ReinforcementLearning
emp_561,Terraform
emp_561,Monitoring
emp_562,CI/CD
emp_562,Azure
emp_562,Docker
emp_563,ReinforcementLearning
emp_563,R
emp_563,SQL
emp_564,C++
emp_564,JavaScript
emp_565,NaturalLanguageProcessing
emp_565,TypeScript
emp_565,Docker
emp_566,Monitoring
emp_566,CI/CD
emp_566,Kubernetes
emp_566,Python
emp_566,Azure
emp_567,SQL
emp_567,Monitoring
emp_567,DataVisualization
emp_568,ComputerVision
emp_568,C++
emp_568,ReinforcementLearning
emp_569,C++
emp_569,DeepLearning
emp_569,R
emp_569,ReinforcementLearning
emp_569,Ansible
emp_570,AWS
emp_570,DeepLearning
emp_571,ReinforcementLearning
emp_571,Monitoring
emp_572,Docker
emp_572,NaturalLanguageProcessing
emp_572,ComputerVision
emp_573,Docker
emp_573,Python
emp_573,CI/CD
emp_573,DataVisualization
emp_574,CI/CD
emp_574,R
emp_575,Terraform
emp_575,NaturalLanguageProcessing
emp_575,ReinforcementLearning
emp_576,Docker
emp_576,Ansible
emp_576,Python
emp_576,JavaScript
emp_576,ReinforcementLearning
emp_577,C++
emp_577,R
emp_577,CI/CD
emp_577,DataVisualization
emp_577,Monitoring
emp_578,JavaScript
emp_578,ReinforcementLearning
emp_579,Azure
emp_579,Terraform
emp_579,DeepLearning
emp_579,ComputerVision
emp_580,Azure
emp_580,JavaScript
emp_580,Monitoring
emp_580,Ansible
emp_580,DataVisualization
emp_581,ComputerVision
emp_581,TypeScript
emp_581,Docker
emp_582,ReinforcementLearning
emp_582,Java
emp_582,JavaScript
emp_582,CI/CD
emp_582,ComputerVision
emp_583,Java
emp_583,Ansible
emp_583,ReinforcementLearning
emp_583,Python
emp_583,ComputerVision
emp_584,Monitoring
emp_584,Java
emp_584,ReinforcementLearning
emp_585,AWS
emp_585,Ansible
emp_585,Monitoring
emp_585,Java
emp_585,Docker
emp_586,SQL
emp_586,JavaScript
emp_586,ReinforcementLearning
emp_586,Terraform
emp_587,SQL
emp_587,NaturalLanguageProcessing
emp_587,ReinforcementLearning
emp_588,NaturalLanguageProcessing
emp_588,Python
emp_588,Java
emp_588,Kubernetes
emp_588,SQL
emp_589,JavaScript
emp_589,R
emp_589,Azure
emp_589,TypeScript
emp_589,CI/CD
emp_590,DeepLearning
emp_590,C++
emp_591,Kubernetes
emp_591,Java
emp_591,JavaScript
emp_591,Terraform
emp_591,DeepLearning
emp_592,Python
emp_592,TypeScript
emp_592,C++
emp_592,SQL
emp_593,Ansible
emp_593,TypeScript
emp_594,CI/CD
emp_594,DeepLearning
emp_594,Java
emp_595,Azure
emp_595,Kubernetes
emp_595,DeepLearning
emp_595,NaturalLanguageProcessing
emp_596,Docker
emp_596,Ansible
emp_596,NaturalLanguageProcessing
emp_596,Kubernetes
emp_597,Docker
emp_597,C++
emp_597,Monitoring
emp_597,DeepLearning
emp_598,Azure
emp_598,Ansible
emp_598,ComputerVision
emp_599,Kubernetes
emp_599,Python
emp_600,DeepLearning
emp_600,JavaScript
emp_600,C++
emp_600,CI/CD
emp_601,Ansible
emp_601,NaturalLanguageProcessing
emp_601,Kubernetes
emp_601,Java
emp_601,CI/CD
emp_602,ReinforcementLearning
emp_602,R
emp_602,Kubernetes
emp_602,TypeScript
emp_602,Terraform
emp_603,C++
emp_603,R
emp_603,TypeScript
emp_603,ComputerVision
emp_604,DeepLearning
emp_604,Azure
emp_604,Java
emp_604,DataVisualization
emp_605,Ansible
emp_605,Kubernetes
emp_606,C++
emp_606,R
emp_606,Docker
emp_606,ComputerVision
emp_606,Azure
emp_607,R
emp_607,C++
emp_607,Java
emp_607,AWS
emp_608,CI/CD
emp_608,Python
emp_609,Terraform
emp_609,C++
emp_609,DeepLearning
emp_609,CI/CD
emp_610,SQL
emp_610,DataVisualization
emp_610,Monitoring
emp_610,Azure
emp_610,C++
emp_611,C++
emp_611,AWS
emp_611,Azure
emp_612,Java
emp_612,DataVisualization
emp_612,ReinforcementLearning
emp_613,DataVisualization
emp_613,Azure
emp_614,C++
emp_614,DeepLearning
emp_614,R
emp_614,Python
emp_614,AWS
emp_615,AWS
emp_615,Terraform
emp_615,Python
emp_615,DeepLearning
emp_616,Kubernetes
emp_616,Azure
emp_617,ComputerVision
emp_617,Java
emp_617,SQL
emp_617,DataVisualization
emp_618,CI/CD
emp_618,Ansible
emp_619,Monitoring
emp_619,ReinforcementLearning
emp_619,Kubernetes
emp_620,C++
emp_620,R
emp_620,SQL
emp_621,AWS
emp_621,JavaScript
emp_621,C++
emp_622,ReinforcementLearning
emp_622,Kubernetes
emp_622,Terraform
emp_622,C++
emp_623,Docker
emp_623,TypeScript
emp_623,Monitoring
emp_624,DataVisualization
emp_624,AWS
emp_625,Terraform
emp_625,DataVisualization
emp_626,AWS
emp_626,Azure
emp_626,ComputerVision
emp_626,DataVisualization
emp_626,Ansible
emp_627,Kubernetes
emp_627,C++
emp_627,DeepLearning
emp_627,AWS
emp_627,ComputerVision
emp_628,C++
emp_628,ReinforcementLearning
emp_628,Python
emp_628,AWS
emp_629,Monitoring
emp_629,Terraform
emp_629,Kubernetes
emp_629,JavaScript
emp_629,NaturalLanguageProcessing
emp_630,SQL
emp_630,NaturalLanguageProcessing
emp_630,Java
emp_630,R
emp_630,Azure
emp_631,Python
emp_631,DataVisualization
emp_632,JavaScript
emp_632,TypeScript
emp_632,SQL
emp_632,AWS
emp_633,R
emp_633,ComputerVision
emp_633,C++
emp_633,Docker
emp_634,Ansible
emp_634,DataVisualization
emp_634,NaturalLanguageProcessing
emp_634,Terraform
emp_634,Monitoring
emp_635,AWS
emp_635,Python
emp_635,DeepLearning
emp_636,ComputerVision
emp_636,Docker
emp_636,Python
emp_637,JavaScript
emp_637,TypeScript
emp_637,ReinforcementLearning
emp_637,DataVisualization
emp_637,R
emp_638,TypeScript
emp_638,Java
emp_638,SQL
emp_638,C++
emp_639,R
emp_639,C++
emp_639,Python
emp_639,Ansible
emp_640,AWS
emp_640,DataVisualization
emp_640,JavaScript
emp_640,Ansible
emp_641,NaturalLanguageProcessing
emp_641,TypeScript
emp_642,R
emp_642,Java
emp_642,C++
emp_642,AWS
emp_642,ComputerVision
emp_643,DeepLearning
emp_643,Kubernetes
emp_644,Monitoring
emp_644,DeepLearning
emp_644,NaturalLanguageProcessing
emp_644,AWS
emp_645,SQL
emp_645,Terraform
emp_645,DeepLearning
emp_645,Python
emp_646,Kubernetes
emp_646,JavaScript
emp_646,SQL
emp_646,ComputerVision
emp_646,Monitoring
emp_647,Kubernetes
emp_647,DeepLearning
emp_648,Docker
emp_648,C++
emp_648,Azure
emp_648,AWS
emp_649,Python
emp_649,Kubernetes
emp_649,TypeScript
emp_649,SQL
emp_649,JavaScript
emp_650,DeepLearning
emp_650,DataVisualization
emp_650,Python
emp_651,Python
emp_651,JavaScript
emp_651,C++
emp_651,ReinforcementLearning
emp_652,Terraform
emp_652,TypeScript
emp_652,JavaScript
emp_652,Ansible
emp_653,Docker
emp_653,ComputerVision
emp_654,Python
emp_654,CI/CD
emp_654,AWS
emp_655,CI/CD
emp_655,Ansible
emp_656,DataVisualization
emp_656,TypeScript
emp_657,Azure
emp_657,ReinforcementLearning
emp_658,SQL
emp_658,NaturalLanguageProcessing
emp_658,ComputerVision
emp_658,JavaScript
emp_659,Kubernetes
emp_659,DeepLearning
emp_660,R
emp_660,DeepLearning
emp_660,Azure
emp_661,ComputerVision
emp_661,Java
emp_661,AWS
emp_661,Python
emp_661,DataVisualization
emp_662,Python
emp_662,Java
emp_662,Ansible
emp_663,TypeScript
emp_663,C++
emp_663,Azure
emp_663,SQL
emp_664,TypeScript
emp_664,JavaScript
emp_664,Java
emp_665,ComputerVision
emp_665,C++
emp_665,Docker
emp_665,Python
emp_665,Ansible
emp_666,JavaScript
emp_666,DataVisualization
emp_666,SQL
emp_666,TypeScript
emp_667,C++
emp_667,ComputerVision
emp_667,TypeScript
emp_667,Azure
emp_667,SQL
emp_668,CI/CD
emp_668,C++
emp_668,Azure
emp_669,DeepLearning
emp_669,CI/CD
emp_670,C++
emp_670,ReinforcementLearning
emp_670,JavaScript
emp_670,AWS
emp_670,Docker
emp_671,ReinforcementLearning
emp_671,JavaScript
emp_672,DeepLearning
emp_672,ComputerVision
emp_672,C++
emp_672,Azure
emp_672,Kubernetes
emp_673,Python
emp_673,R
emp_673,Monitoring
emp_673,ComputerVision
emp_674,NaturalLanguageProcessing
emp_674,Java
emp_675,TypeScript
emp_675,JavaScript
emp_675,Java
emp_676,Azure
emp_676,ComputerVision
emp_676,SQL
emp_676,Terraform
emp_676,NaturalLanguageProcessing
emp_677,R
emp_677,NaturalLanguageProcessing
emp_678,DataVisualization
emp_678,C++
emp_678,Terraform
emp_679,JavaScript
emp_679,SQL
emp_679,TypeScript
emp_679,C++
emp_680,SQL
emp_680,JavaScript
emp_680,TypeScript
emp_681,R
emp_681,Azure
emp_681,Java
emp_682,ReinforcementLearning
emp_682,C++
emp_683,DeepLearning
emp_683,TypeScript
emp_683,Java
emp_683,Ansible
emp_684,C++
emp_684,Ansible
emp_685,C++
emp_685,TypeScript
emp_685,ReinforcementLearning
emp_685,Ansible
emp_686,Python
emp_686,Azure
emp_687,JavaScript
emp_687,DataVisualization
emp_687,CI/CD
emp_687,Ansible
emp_688,Java
emp_688,C++
emp_688,Docker
emp_688,TypeScript
emp_689,ComputerVision
emp_689,TypeScript
emp_689,SQL
emp_689,Python
emp_690,ReinforcementLearning
emp_690,C++
emp_690,TypeScript
emp_690,Azure
emp_690,DataVisualization
emp_691,NaturalLanguageProcessing
emp_691,Docker
emp_692,CI/CD
emp_692,DeepLearning
emp_692,ComputerVision
emp_693,ReinforcementLearning
emp_693,Terraform
emp_693,DataVisualization
emp_694,DeepLearning
emp_694,Terraform
emp_694,AWS
emp_694,SQL
emp_695,JavaScript
emp_695,ReinforcementLearning
emp_695,Ansible
emp_695,Terraform
emp_695,DeepLearning
emp_696,R
emp_696,Docker
emp_697,CI/CD
emp_697,TypeScript
emp_697,ReinforcementLearning
emp_697,SQL
emp_697,Docker
emp_698,JavaScript
emp_698,C++
emp_698,NaturalLanguageProcessing
emp_699,Azure
emp_699,CI/CD
emp_699,Python
emp_699,ComputerVision
emp_700,DataVisualization
emp_700,SQL
emp_700,CI/CD
emp_700,C++
emp_701,C++
emp_701,Monitoring
emp_701,JavaScript
emp_701,CI/CD
emp_701,Docker
emp_702,NaturalLanguageProcessing
emp_702,CI/CD
emp_702,ComputerVision
emp_703,Java
emp_703,Python
emp_703,C++
emp_703,DeepLearning
emp_704,CI/CD
emp_704,Azure
emp_705,Kubernetes
emp_705,Docker
emp_705,NaturalLanguageProcessing
emp_705,AWS
emp_706,R
emp_706,Terraform
emp_706,JavaScript
emp_706,Docker
emp_706,Java
emp_707,DeepLearning
emp_707,Terraform
emp_708,R
emp_708,ComputerVision
emp_708,CI/CD
emp_708,Azure
emp_709,Terraform
emp_709,Ansible
emp_710,CI/CD
emp_710,ReinforcementLearning
emp_710,DeepLearning
emp_710,Docker
emp_710,AWS
emp_711,JavaScript
emp_711,Azure
emp_712,DataVisualization
emp_712,Ansible
emp_712,Terraform
emp_712,Monitoring
emp_713,Java
emp_713,CI/CD
emp_713,DataVisualization
emp_714,Docker
emp_714,JavaScript
emp_714,ReinforcementLearning
emp_715,ComputerVision
emp_715,Monitoring
emp_715,DeepLearning
emp_715,C++
emp_715,SQL
emp_716,Docker
emp_716,CI/CD
emp_717,AWS
emp_717,Ansible
emp_717,TypeScript
emp_717,C++
emp_717,JavaScript
emp_718,CI/CD
emp_718,SQL
emp_718,TypeScript
emp_719,R
emp_719,JavaScript
emp_720,ReinforcementLearning
emp_720,C++
emp_720,Monitoring
emp_720,Terraform
emp_721,CI/CD
emp_721,SQL
emp_722,Docker
emp_722,Azure
emp_722,Ansible
emp_722,TypeScript
emp_723,Ansible
emp_723,C++
emp_723,DeepLearning
emp_724,TypeScript
emp_724,NaturalLanguageProcessing
emp_724,ReinforcementLearning
emp_725,TypeScript
emp_725,Ansible
emp_725,Azure
emp_725,JavaScript
emp_725,Kubernetes
emp_726,CI/CD
emp_726,JavaScript
emp_726,Ansible
emp_727,Monitoring
emp_727,C++
emp_728,Terraform
emp_728,DeepLearning
emp_728,JavaScript
emp_728,AWS
emp_729,Ansible
emp_729,Azure
emp_730,R
emp_730,Terraform
emp_731,TypeScript
emp_731,CI/CD
emp_731,NaturalLanguageProcessing
emp_732,NaturalLanguageProcessing
emp_732,AWS
emp_732,R
emp_733,ComputerVision
emp_733,Terraform
emp_733,Kubernetes
emp_733,Java
emp_733,DeepLearning
emp_734,Python
emp_734,C++
emp_734,NaturalLanguageProcessing
emp_734,CI/CD
emp_734,Kubernetes
emp_735,ReinforcementLearning
emp_735,Terraform
emp_736,Python
emp_736,AWS
emp_736,ComputerVision
emp_737,Python
emp_737,DeepLearning
emp_737,Kubernetes
emp_737,Monitoring
emp_737,NaturalLanguageProcessing
emp_738,ReinforcementLearning
emp_738,Kubernetes
emp_738,SQL
emp_738,C++
emp_738,Ansible
emp_739,R
emp_739,DataVisualization
emp_740,ReinforcementLearning
emp_740,AWS
emp_740,DeepLearning
emp_740,Kubernetes
emp_740,JavaScript
emp_741,C++
emp_741,DataVisualization
emp_742,DataVisualization
emp_742,Terraform
emp_743,JavaScript
emp_743,ComputerVision
emp_743,CI/CD
emp_743,R
emp_743,SQL
emp_744,Terraform
emp_744,C++
emp_744,Monitoring
emp_745,Monitoring
emp_745,Azure
emp_745,Python
emp_745,NaturalLanguageProcessing
emp_745,DeepLearning
emp_746,Docker
emp_746,R
emp_746,CI/CD
emp_746,Azure
emp_746,DeepLearning
emp_747,Azure
emp_747,ComputerVision
emp_748,C++
emp_748,R
emp_748,CI/CD
emp_748,Kubernetes
emp_749,DataVisualization
emp_749,Kubernetes
emp_749,Ansible
emp_749,R
emp_750,NaturalLanguageProcessing
emp_750,TypeScript
emp_750,Monitoring
emp_751,Terraform
emp_751,TypeScript
emp_751,Java
emp_751,ComputerVision
emp_751,CI/CD
emp_752,Docker
emp_752,Java
emp_753,ReinforcementLearning
emp_753,JavaScript
emp_754,DataVisualization
emp_754,NaturalLanguageProcessing
emp_755,Monitoring
emp_755,Azure
emp_756,Docker
emp_756,DeepLearning
emp_756,AWS
emp_756,TypeScript
emp_756,R
emp_757,ReinforcementLearning
emp_757,AWS
emp_757,CI/CD
emp_757,TypeScript
emp_757,Python
emp_758,ComputerVision
emp_758,Ansible
emp_758,SQL
emp_759,Ansible
emp_759,DataVisualization
emp_759,CI/CD
emp_759,AWS
emp_760,Terraform
emp_760,JavaScript
emp_760,NaturalLanguageProcessing
emp_760,C++
emp_761,C++
emp_761,AWS
emp_761,ReinforcementLearning
emp_761,CI/CD
emp_761,JavaScript
emp_762,DataVisualization
emp_762,DeepLearning
emp_763,Kubernetes
emp_763,NaturalLanguageProcessing
emp_763,Java
emp_763,R
emp_763,Monitoring
emp_764,DataVisualization
emp_764,C++
emp_765,Python
emp_765,Kubernetes
emp_765,Azure
emp_766,TypeScript
emp_766,C++
emp_767,DataVisualization
emp_767,ReinforcementLearning
emp_767,TypeScript
emp_767,Monitoring
emp_768,ComputerVision
emp_768,JavaScript
emp_768,ReinforcementLearning
emp_769,DeepLearning
emp_769,Monitoring
emp_770,DeepLearning
emp_770,JavaScript
emp_770,Monitoring
emp_771,DeepLearning
emp_771,Terraform
emp_772,Java
emp_772,ReinforcementLearning
emp_772,C++
emp_772,DataVisualization
emp_772,NaturalLanguageProcessing
emp_773,Monitoring
emp_773,ReinforcementLearning
emp_773,Kubernetes
emp_773,NaturalLanguageProcessing
emp_773,JavaScript
emp_774,NaturalLanguageProcessing
emp_774,ComputerVision
emp_775,CI/CD
emp_775,AWS
emp_775,Docker
emp_776,DataVisualization
emp_776,SQL
emp_776,DeepLearning
emp_777,Ansible
emp_777,C++
emp_777,CI/CD
emp_777,Docker
emp_778,SQL
emp_778,TypeScript
emp_778,Azure
emp_779,CI/CD
emp_779,Ansible
emp_780,CI/CD
emp_780,Terraform
emp_780,DeepLearning
emp_781,R
emp_781,ComputerVision
emp_781,Kubernetes
emp_782,Monitoring
emp_782,Kubernetes
emp_782,Ansible
emp_782,Azure
emp_782,C++
emp_783,DeepLearning
emp_783,TypeScript
emp_783,DataVisualization
emp_783,NaturalLanguageProcessing
emp_783,Terraform
emp_784,DataVisualization
emp_784,TypeScript
emp_784,Kubernetes
emp_785,NaturalLanguageProcessing
emp_785,Docker
emp_785,Monitoring
emp_786,Terraform
emp_786,ReinforcementLearning
emp_787,R
emp_787,Ansible
emp_787,Docker
emp_787,DeepLearning
emp_787,NaturalLanguageProcessing
emp_788,Python
emp_788,DataVisualization
emp_788,AWS
emp_788,Monitoring
emp_789,R
emp_789,NaturalLanguageProcessing
emp_789,Python
emp_790,Java
emp_790,ReinforcementLearning
emp_790,Kubernetes
emp_791,DataVisualization
emp_791,Docker
emp_791,Ansible
emp_791,Python
emp_791,C++
emp_792,SQL
emp_792,R
emp_792,Ansible
emp_793,DataVisualization
emp_793,DeepLearning
emp_793,R
emp_793,Azure
emp_793,SQL
emp_794,SQL
emp_794,CI/CD
emp_794,TypeScript
emp_794,R
emp_795,Python
emp_795,CI/CD
emp_796,CI/CD
emp_796,JavaScript
emp_796,Python
emp_796,Kubernetes
emp_796,Docker
emp_797,Ansible
emp_797,Java
emp_797,DeepLearning
emp_797,R
emp_798,DataVisualization
emp_798,Java
emp_798,R
emp_798,Azure
emp_798,C++
emp_799,AWS
emp_799,Terraform
emp_799,ComputerVision
emp_799,SQL
emp_800,CI/CD
emp_800,Docker
emp_800,DataVisualization
emp_800,DeepLearning
emp_800,JavaScript
emp_801,C++
emp_801,Monitoring
emp_801,Docker
emp_801,TypeScript
emp_801,Kubernetes
emp_802,JavaScript
emp_802,DataVisualization
emp_802,AWS
emp_803,Azure
emp_803,CI/CD
emp_804,ReinforcementLearning
emp_804,Monitoring
emp_804,ComputerVision
emp_805,Kubernetes
emp_805,R
emp_805,Monitoring
emp_806,Monitoring
emp_806,SQL
emp_806,Terraform
emp_807,Docker
emp_807,Java
emp_807,Ansible
emp_807,NaturalLanguageProcessing
emp_808,DataVisualization
emp_808,Monitoring
emp_808,R
emp_808,TypeScript
emp_808,Ansible
emp_809,Kubernetes
emp_809,R
emp_810,JavaScript
emp_810,Terraform
emp_810,NaturalLanguageProcessing
emp_810,Docker
emp_810,SQL
emp_811,TypeScript
emp_811,Docker
emp_812,Java
emp_812,Terraform
emp_812,Azure
emp_812,Kubernetes
emp_812,NaturalLanguageProcessing
emp_813,Kubernetes
emp_813,Ansible
emp_813,Java
emp_814,Terraform
emp_814,Java
emp_815,Kubernetes
emp_815,Ansible
emp_816,ReinforcementLearning
emp_816,Terraform
emp_816,Python
emp_817,Python
emp_817,R
emp_818,R
emp_818,DataVisualization
emp_818,Azure
emp_818,CI/CD
emp_819,Docker
emp_819,CI/CD
emp_820,C++
emp_820,Java
emp_820,Python
emp_820,ReinforcementLearning
emp_821,TypeScript
emp_821,ComputerVision
emp_821,Java
emp_821,R
emp_821,SQL
emp_822,TypeScript
emp_822,Python
emp_822,Azure
emp_822,R
emp_822,JavaScript
emp_823,JavaScript
emp_823,ComputerVision
emp_823,Java
emp_824,Ansible
emp_824,TypeScript
emp_824,JavaScript
emp_824,Terraform
emp_825,JavaScript
emp_825,Docker
emp_825,Azure
emp_825,Java
emp_826,Python
emp_826,C++
emp_826,JavaScript
emp_827,Java
emp_827,DeepLearning
emp_828,Terraform
emp_828,Azure
emp_828,ComputerVision
emp_828,R
emp_829,Docker
emp_829,ComputerVision
emp_830,C++
emp_830,JavaScript
emp_830,Python
emp_830,AWS
emp_831,JavaScript
emp_831,NaturalLanguageProcessing
emp_832,Kubernetes
emp_832,Java
emp_832,R
emp_832,Ansible
emp_832,DeepLearning
emp_833,SQL
emp_833,Kubernetes
emp_834,ComputerVision
emp_834,Terraform
emp_835,TypeScript
emp_835,AWS
emp_835,Python
emp_836,Python
emp_836,Azure
emp_837,Python
emp_837,ComputerVision
emp_837,NaturalLanguageProcessing
emp_837,AWS
emp_837,SQL
emp_838,DeepLearning
emp_838,Terraform
emp_838,R
emp_839,Java
emp_839,Azure
emp_840,Java
emp_840,R
emp_841,R
emp_841,ComputerVision
emp_841,NaturalLanguageProcessing
emp_842,R
emp_842,ComputerVision
emp_842,DataVisualization
emp_842,ReinforcementLearning
emp_843,C++
emp_843,CI/CD
emp_844,Terraform
emp_844,R
emp_844,Ansible
emp_844,Java
emp_845,ReinforcementLearning
emp_845,Docker
emp_845,Kubernetes
emp_846,Kubernetes
emp_846,NaturalLanguageProcessing
emp_846,Java
emp_846,R
emp_846,JavaScript
emp_847,Monitoring
emp_847,Docker
emp_847,DeepLearning
emp_847,ComputerVision
emp_848,Monitoring
emp_848,TypeScript
emp_848,ReinforcementLearning
emp_848,Python
emp_849,SQL
emp_849,Kubernetes
emp_849,Python
emp_849,Ansible
emp_849,TypeScript
emp_850,Monitoring
emp_850,Ansible
emp_851,CI/CD
emp_851,Ansible
emp_851,NaturalLanguageProcessing
emp_852,Azure
emp_852,DataVisualization
emp_853,SQL
emp_853,Docker
emp_854,Java
emp_854,R
emp_854,DeepLearning
emp_855,SQL
emp_855,AWS
emp_855,Kubernetes
emp_855,DeepLearning
emp_856,Kubernetes
emp_856,Monitoring
emp_856,DataVisualization
emp_857,DataVisualization
emp_857,Monitoring
emp_858,JavaScript
emp_858,NaturalLanguageProcessing
emp_858,ComputerVision
emp_859,SQL
emp_859,R
emp_860,Ansible
emp_860,Terraform
emp_860,R
emp_861,C++
emp_861,JavaScript
emp_862,C++
emp_862,Python
emp_862,DataVisualization
emp_863,R
emp_863,AWS
emp_863,TypeScript
emp_863,ComputerVision
emp_863,Docker
emp_864,JavaScript
emp_864,C++
emp_864,CI/CD
emp_864,Ansible
emp_864,SQL
emp_865,ComputerVision
emp_865,Azure
emp_865,Terraform
emp_865,SQL
emp_865,Python
emp_866,JavaScript
emp_866,Azure
emp_866,Java
emp_866,TypeScript
emp_867,TypeScript
emp_867,R
emp_867,SQL
emp_868,CI/CD
emp_868,Docker
emp_869,Docker
emp_869,Java
emp_869,TypeScript
emp_869,Azure
emp_869,ComputerVision
emp_870,Ansible
emp_870,Python
emp_870,R
emp_870,C++
emp_870,AWS
emp_871,DeepLearning
emp_871,Java
emp_871,C++
emp_871,DataVisualization
emp_872,Docker
emp_872,NaturalLanguageProcessing
emp_873,SQL
emp_873,AWS
emp_873,DataVisualization
emp_873,Python
emp_873,NaturalLanguageProcessing
emp_874,Java
emp_874,Ansible
emp_874,ComputerVision
emp_874,CI/CD
emp_874,R
emp_875,Azure
emp_875,CI/CD
emp_875,Terraform
emp_875,Java
emp_876,Ansible
emp_876,Docker
emp_877,Java
emp_877,Azure
emp_877,NaturalLanguageProcessing
emp_878,ReinforcementLearning
emp_878,ComputerVision
emp_879,C++
emp_879,Python
emp_879,Ansible
emp_879,Docker
emp_880,TypeScript
emp_880,Python
emp_880,CI/CD
emp_881,Python
emp_881,R
emp_881,DeepLearning
emp_882,C++
emp_882,JavaScript
emp_882,ReinforcementLearning
emp_882,Python
emp_883,Java
emp_883,ReinforcementLearning
emp_884,Ansible
emp_884,DataVisualization
emp_885,DeepLearning
emp_885,AWS
emp_886,ReinforcementLearning
emp_886,R
emp_887,TypeScript
emp_887,Monitoring
emp_887,Kubernetes
emp_887,C++
emp_888,DataVisualization
emp_888,Docker
emp_888,Java
emp_888,Terraform
emp_889,ReinforcementLearning
emp_889,NaturalLanguageProcessing
emp_889,JavaScript
emp_889,Java
emp_890,CI/CD
emp_890,AWS
emp_891,Monitoring
emp_891,TypeScript
emp_891,CI/CD
emp_891,C++
emp_891,R
emp_892,Docker
emp_892,DeepLearning
emp_893,Java
emp_893,ComputerVision
emp_893,Docker
emp_893,C++
emp_893,TypeScript
emp_894,Monitoring
emp_894,R
emp_894,SQL
emp_894,CI/CD
emp_895,ComputerVision
emp_895,Azure
emp_895,Terraform
emp_895,JavaScript
emp_895,Python
emp_896,DataVisualization
emp_896,R
emp_896,Python
emp_897,NaturalLanguageProcessing
emp_897,Python
emp_897,Kubernetes
emp_897,Java
emp_897,AWS
emp_898,ReinforcementLearning
emp_898,SQL
emp_898,Terraform
emp_898,TypeScript
emp_898,ComputerVision
emp_899,Kubernetes
emp_899,Java
emp_900,DataVisualization
emp_900,AWS
emp_900,ReinforcementLearning
emp_901,Kubernetes
emp_901,Ansible
emp_902,SQL
emp_902,Kubernetes
emp_902,Java
emp_902,NaturalLanguageProcessing
emp_903,Java
emp_903,C++
emp_903,Kubernetes
emp_904,ReinforcementLearning
emp_904,Java
emp_904,NaturalLanguageProcessing
emp_905,DataVisualization
emp_905,TypeScript
emp_905,JavaScript
emp_905,SQL
emp_906,Azure
emp_906,CI/CD
emp_906,ReinforcementLearning
emp_906,AWS
emp_907,Java
emp_907,DeepLearning
emp_907,Kubernetes
emp_907,SQL
emp_908,Python
emp_908,TypeScript
emp_909,Terraform
emp_909,Java
emp_910,Java
emp_910,Monitoring
emp_910,ComputerVision
emp_910,CI/CD
emp_911,ReinforcementLearning
emp_911,SQL
emp_911,Kubernetes
emp_911,DeepLearning
emp_911,Azure
emp_912,JavaScript
emp_912,TypeScript
emp_912,Azure
emp_913,R
emp_913,NaturalLanguageProcessing
emp_913,Docker
emp_914,C++
emp_914,Python
emp_914,DeepLearning
emp_914,ReinforcementLearning
emp_914,Docker
emp_915,CI/CD
emp_915,Kubernetes
emp_916,DeepLearning
emp_916,ReinforcementLearning
emp_916,DataVisualization
emp_917,Java
emp_917,ComputerVision
emp_917,JavaScript
emp_918,NaturalLanguageProcessing
emp_918,ReinforcementLearning
emp_918,Ansible
emp_918,ComputerVision
emp_919,NaturalLanguageProcessing
emp_919,Ansible
emp_919,TypeScript
emp_920,TypeScript
emp_920,C++
emp_920,Azure
emp_920,SQL
emp_920,ReinforcementLearning
emp_921,Java
emp_921,NaturalLanguageProcessing
emp_921,Monitoring
emp_922,R
emp_922,ReinforcementLearning
emp_923,Terraform
emp_923,JavaScript
emp_924,Ansible
emp_924,R
emp_924,Python
emp_925,DeepLearning
emp_925,ComputerVision
emp_925,ReinforcementLearning
emp_925,CI/CD
emp_926,C++
emp_926,NaturalLanguageProcessing
emp_926,DataVisualization
emp_927,Terraform
emp_927,JavaScript
emp_927,SQL
emp_927,TypeScript
emp_928,ReinforcementLearning
emp_928,DeepLearning
emp_928,DataVisualization
emp_929,Azure
emp_929,R
emp_929,SQL
emp_930,SQL
emp_930,C++
emp_930,ComputerVision
emp_930,AWS
emp_931,JavaScript
emp_931,ComputerVision
emp_931,AWS
emp_931,C++
emp_931,SQL
emp_932,R
emp_932,Docker
emp_932,CI/CD
emp_932,Python
emp_933,Java
emp_933,NaturalLanguageProcessing
emp_933,DataVisualization
emp_933,ComputerVision
emp_933,AWS
emp_934,Terraform
emp_934,C++
emp_935,Docker
emp_935,Kubernetes
emp_936,NaturalLanguageProcessing
emp_936,ReinforcementLearning
emp_936,Java
emp_936,DataVisualization
emp_937,CI/CD
emp_937,Azure
emp_937,TypeScript
emp_938,Ansible
emp_938,Azure
emp_938,Terraform
emp_938,AWS
emp_939,Kubernetes
emp_939,Java
emp_939,Python
emp_940,TypeScript
emp_940,Ansible
emp_940,SQL
emp_940,AWS
emp_940,NaturalLanguageProcessing
emp_941,Java
emp_941,Ansible
emp_941,AWS
emp_942,Monitoring
emp_942,C++
emp_942,JavaScript
emp_943,JavaScript
emp_943,CI/CD
emp_943,Azure
emp_943,AWS
emp_944,ComputerVision
emp_944,Azure
emp_944,C++
emp_944,Kubernetes
emp_945,DataVisualization
emp_945,ComputerVision
emp_946,ComputerVision
emp_946,Azure
emp_947,TypeScript
emp_947,Monitoring
emp_947,CI/CD
emp_948,Monitoring
emp_948,R
emp_949,DataVisualization
emp_949,CI/CD
emp_949,DeepLearning
emp_949,JavaScript
emp_950,Python
emp_950,ComputerVision
emp_950,Docker
emp_951,DeepLearning
emp_951,C++
emp_951,TypeScript
emp_951,Java
emp_952,Kubernetes
emp_952,DataVisualization
emp_953,TypeScript
emp_953,Azure
emp_953,AWS
emp_953,R
emp_954,R
emp_954,Azure
emp_954,CI/CD
emp_954,DeepLearning
emp_954,JavaScript
emp_955,Monitoring
emp_955,JavaScript
emp_956,NaturalLanguageProcessing
emp_956,Docker
emp_957,NaturalLanguageProcessing
emp_957,ReinforcementLearning
emp_957,C++
emp_957,TypeScript
emp_958,C++
emp_958,ReinforcementLearning
emp_958,TypeScript
emp_959,DataVisualization
emp_959,TypeScript
emp_959,Java
emp_959,Docker
emp_960,Terraform
emp_960,AWS
emp_960,ReinforcementLearning
emp_961,Docker
emp_961,C++
emp_961,NaturalLanguageProcessing
emp_962,Azure
emp_962,DeepLearning
emp_962,SQL
emp_963,Python
emp_963,R
emp_964,TypeScript
emp_964,Terraform
emp_964,Monitoring
emp_964,SQL
emp_964,Kubernetes
emp_965,ReinforcementLearning
emp_965,Monitoring
emp_965,NaturalLanguageProcessing
emp_966,CI/CD
emp_966,NaturalLanguageProcessing
emp_966,DataVisualization
emp_966,DeepLearning
emp_967,TypeScript
emp_967,Azure
emp_967,Ansible
emp_967,Monitoring
emp_967,ComputerVision
emp_968,DataVisualization
emp_968,AWS
emp_968,ReinforcementLearning
emp_969,TypeScript
emp_969,ReinforcementLearning
emp_969,CI/CD
emp_970,DataVisualization
emp_970,ReinforcementLearning
emp_970,SQL
emp_971,SQL
emp_971,C++
emp_971,NaturalLanguageProcessing
emp_972,Java
emp_972,C++
emp_973,C++
emp_973,TypeScript
emp_973,DeepLearning
emp_973,CI/CD
emp_974,AWS
emp_974,Docker
emp_975,Kubernetes
emp_975,DeepLearning
emp_975,Python
emp_976,Kubernetes
emp_976,R
emp_977,C++
emp_977,Python
emp_978,Azure
emp_978,ReinforcementLearning
emp_978,Ansible
emp_978,NaturalLanguageProcessing
emp_979,Docker
emp_979,Ansible
emp_979,CI/CD
emp_979,Monitoring
emp_980,Ansible
emp_980,Java
emp_980,ComputerVision
emp_981,DeepLearning
emp_981,Ansible
emp_982,ReinforcementLearning
emp_982,ComputerVision
emp_982,Terraform
emp_982,Kubernetes
emp_982,Azure
emp_983,DeepLearning
emp_983,SQL
emp_983,R
emp_984,Docker
emp_984,JavaScript
emp_984,ReinforcementLearning
emp_984,C++
emp_985,CI/CD
emp_985,Monitoring
emp_985,NaturalLanguageProcessing
emp_985,Python
emp_985,AWS
emp_986,Ansible
emp_986,DeepLearning
emp_987,Terraform
emp_987,CI/CD
emp_987,ComputerVision
emp_987,Python
emp_987,JavaScript
emp_988,Monitoring
emp_988,AWS
emp_988,R
emp_988,Python
emp_988,NaturalLanguageProcessing
emp_989,Ansible
emp_989,NaturalLanguageProcessing
emp_989,CI/CD
emp_990,Azure
emp_990,DataVisualization
emp_990,Monitoring
emp_990,AWS
emp_991,DeepLearning
emp_991,Terraform
emp_991,DataVisualization
emp_992,SQL
emp_992,AWS
emp_992,DeepLearning
emp_992,DataVisualization
emp_993,NaturalLanguageProcessing
emp_993,Docker
emp_994,SQL
emp_994,C++
emp_994,Azure
emp_994,Kubernetes
emp_995,DataVisualization
emp_995,AWS
emp_995,Python
emp_995,Ansible
emp_996,Java
emp_996,AWS
emp_997,Kubernetes
emp_997,AWS
emp_997,R
emp_998,C++
emp_998,Docker
emp_998,SQL
emp_999,JavaScript
emp_999,Python
emp_999,Ansible
emp_1000,Python
emp_1000,Azure
emp_1000,NaturalLanguageProcessing
emp_1000,Ansible
emp_1000,Monitoring
emp_1001,ComputerVision
emp_1001,SQL
emp_1001,Monitoring
emp_1002,ReinforcementLearning
emp_1002,CI/CD
emp_1002,SQL
emp_1002,NaturalLanguageProcessing
emp_1002,Monitoring
emp_1003,NaturalLanguageProcessing
emp_1003,DeepLearning
emp_1004,AWS
emp_1004,SQL
emp_1005,Terraform
emp_1005,Kubernetes
emp_1006,TypeScript
emp_1006,Ansible
emp_1006,JavaScript
emp_1007,TypeScript
emp_1007,SQL
emp_1007,DataVisualization
emp_1007,DeepLearning
emp_1008,DeepLearning
emp_1008,ReinforcementLearning
emp_1009,SQL
emp_1009,NaturalLanguageProcessing
emp_1009,DataVisualization
emp_1009,Ansible
emp_1009,Terraform
emp_1010,Azure
emp_1010,DataVisualization
emp_1010,Java
emp_1010,ReinforcementLearning
emp_1011,ReinforcementLearning
emp_1011,Azure
emp_1011,Docker
emp_1012,Docker
emp_1012,ComputerVision
emp_1013,C++
emp_1013,CI/CD
emp_1013,Kubernetes
emp_1014,Azure
emp_1014,Monitoring
emp_1014,Docker
emp_1015,Docker
emp_1015,AWS
emp_1015,ComputerVision
emp_1015,NaturalLanguageProcessing
emp_1015,SQL
emp_1016,Java
emp_1016,JavaScript
emp_1016,TypeScript
emp_1017,AWS
emp_1017,SQL
emp_1017,ComputerVision
emp_1017,Kubernetes
emp_1017,Ansible
emp_1018,Kubernetes
emp_1018,TypeScript
emp_1018,C++
emp_1018,Ansible
emp_1019,Java
emp_1019,C++
emp_1019,Terraform
emp_1020,Terraform
emp_1020,Monitoring
emp_1020,DataVisualization
emp_1020,Java
emp_1020,ComputerVision
emp_1021,ComputerVision
emp_1021,DataVisualization
emp_1021,Docker
emp_1022,Docker
emp_1022,Terraform
emp_1023,Docker
emp_1023,Monitoring
emp_1024,SQL
emp_1024,Terraform
emp_1024,C++
emp_1024,DataVisualization
emp_1024,R
emp_1025,ReinforcementLearning
emp_1025,SQL
emp_1025,Java
emp_1026,DeepLearning
emp_1026,ReinforcementLearning
emp_1026,ComputerVision
emp_1026,TypeScript
emp_1027,Docker
emp_1027,SQL
emp_1027,ComputerVision
emp_1028,Ansible
emp_1028,C++
emp_1029,SQL
emp_1029,CI/CD
emp_1029,Azure
emp_1029,TypeScript
emp_1029,C++
emp_1030,ReinforcementLearning
emp_1030,SQL
emp_1030,DeepLearning
emp_1030,Terraform
emp_1031,NaturalLanguageProcessing
emp_1031,Java
emp_1031,C++
emp_1032,DataVisualization
emp_1032,C++
emp_1032,Python
emp_1032,AWS
emp_1033,SQL
emp_1033,R
emp_1033,Java
emp_1033,DeepLearning
emp_1033,DataVisualization
emp_1034,JavaScript
emp_1034,TypeScript
emp_1035,DeepLearning
emp_1035,Docker
emp_1035,C++
emp_1036,ReinforcementLearning
emp_1036,ComputerVision
emp_1037,Azure
emp_1037,Python
emp_1037,Terraform
emp_1038,Monitoring
emp_1038,NaturalLanguageProcessing
emp_1038,Azure
emp_1039,DeepLearning
emp_1039,DataVisualization
emp_1039,AWS
emp_1040,Ansible
emp_1040,TypeScript
emp_1041,ComputerVision
emp_1041,Azure
emp_1041,NaturalLanguageProcessing
emp_1041,Docker
emp_1042,Kubernetes
emp_1042,Java
emp_1042,Docker
emp_1043,C++
emp_1043,CI/CD
emp_1043,ReinforcementLearning
emp_1043,Ansible
emp_1044,TypeScript
emp_1044,Ansible
emp_1044,DeepLearning
emp_1044,Azure
emp_1044,Python
emp_1045,ComputerVision
emp_1045,DataVisualization
emp_1046,CI/CD
emp_1046,Monitoring
emp_1046,Ansible
emp_1047,Azure
emp_1047,Docker
emp_1047,C++
emp_1047,DeepLearning
emp_1048,SQL
emp_1048,Ansible
emp_1049,Azure
emp_1049,Terraform
emp_1049,ComputerVision
emp_1050,Python
emp_1050,Azure
emp_1050,Monitoring
emp_1050,ComputerVision
emp_1051,ComputerVision
emp_1051,Monitoring
emp_1051,Python
emp_1051,JavaScript
emp_1052,SQL
emp_1052,ReinforcementLearning
emp_1052,TypeScript
emp_1052,DeepLearning
emp_1052,Docker
emp_1053,JavaScript
emp_1053,Docker
emp_1053,CI/CD
emp_1054,CI/CD
emp_1054,JavaScript
emp_1054,AWS
emp_1054,DeepLearning
emp_1054,Monitoring
emp_1055,SQL
emp_1055,ReinforcementLearning
emp_1056,ComputerVision
emp_1056,DataVisualization
emp_1056,Java
emp_1056,JavaScript
emp_1056,Monitoring
emp_1057,ReinforcementLearning
emp_1057,ComputerVision
emp_1057,Python
emp_1057,Monitoring
emp_1057,Java
emp_1058,ComputerVision
emp_1058,Kubernetes
emp_1058,Ansible
emp_1058,TypeScript
emp_1059,AWS
emp_1059,JavaScript
emp_1060,TypeScript
emp_1060,SQL
emp_1060,R
emp_1061,DeepLearning
emp_1061,Docker
emp_1061,C++
emp_1061,TypeScript
emp_1061,R
emp_1062,C++
emp_1062,AWS
emp_1063,ComputerVision
emp_1063,AWS
emp_1063,Java
emp_1064,C++
emp_1064,CI/CD
emp_1064,R
emp_1064,AWS
emp_1064,Python
emp_1065,Kubernetes
emp_1065,Azure
emp_1065,Python
emp_1065,R
emp_1065,Docker
emp_1066,C++
emp_1066,Docker
emp_1066,Java
emp_1067,ComputerVision
emp_1067,Ansible
emp_1067,SQL
emp_1068,JavaScript
emp_1068,SQL
emp_1068,TypeScript
emp_1069,CI/CD
emp_1069,NaturalLanguageProcessing
emp_1069,JavaScript
emp_1069,SQL
emp_1070,R
emp_1070,Monitoring
emp_1071,R
emp_1071,Docker
emp_1071,Monitoring
emp_1071,Terraform
emp_1071,NaturalLanguageProcessing
emp_1072,Azure
emp_1072,CI/CD
emp_1072,ReinforcementLearning
emp_1072,TypeScript
emp_1073,Docker
emp_1073,Terraform
emp_1073,C++
emp_1073,CI/CD
emp_1074,C++
emp_1074,Docker
emp_1074,Python
emp_1074,Terraform
emp_1074,Monitoring
emp_1075,Monitoring
emp_1075,ReinforcementLearning
emp_1075,ComputerVision
emp_1075,Ansible
emp_1076,ReinforcementLearning
emp_1076,TypeScript
emp_1076,Terraform
emp_1076,Monitoring
emp_1076,JavaScript
emp_1077,R
emp_1077,DataVisualization
emp_1077,JavaScript
emp_1077,Java
emp_1077,ReinforcementLearning
emp_1078,Docker
emp_1078,JavaScript
emp_1079,DataVisualization
emp_1079,CI/CD
emp_1079,Azure
emp_1079,AWS
emp_1080,NaturalLanguageProcessing
emp_1080,C++
emp_1080,DeepLearning
emp_1081,Docker
emp_1081,CI/CD
emp_1081,Kubernetes
emp_1082,DataVisualization
emp_1082,Terraform
emp_1082,Java
emp_1082,R
emp_1082,Ansible
emp_1083,SQL
emp_1083,Java
emp_1083,Python
emp_1083,Ansible
emp_1083,Kubernetes
emp_1084,ReinforcementLearning
emp_1084,SQL
emp_1084,CI/CD
emp_1085,AWS
emp_1085,Terraform
emp_1085,Python
emp_1085,Kubernetes
emp_1085,R
emp_1086,C++
emp_1086,NaturalLanguageProcessing
emp_1087,Ansible
emp_1087,Java
emp_1088,Docker
emp_1088,Python
emp_1088,DataVisualization
emp_1088,Terraform
emp_1088,Azure
emp_1089,Java
emp_1089,AWS
emp_1089,DeepLearning
emp_1090,Ansible
emp_1090,ReinforcementLearning
emp_1091,ReinforcementLearning
emp_1091,SQL
emp_1092,ComputerVision
emp_1092,TypeScript
emp_1093,TypeScript
emp_1093,NaturalLanguageProcessing
emp_1094,R
emp_1094,C++
emp_1095,Python
emp_1095,Azure
emp_1095,NaturalLanguageProcessing
emp_1096,ReinforcementLearning
emp_1096,Kubernetes
emp_1097,Python
emp_1097,CI/CD
emp_1098,Terraform
emp_1098,NaturalLanguageProcessing
emp_1099,ReinforcementLearning
emp_1099,R
emp_1099,NaturalLanguageProcessing
emp_1099,Kubernetes
emp_1100,SQL
emp_1100,AWS
emp_1101,Docker
emp_1101,Terraform
emp_1102,CI/CD
emp_1102,Java
emp_1102,R
emp_1102,AWS
emp_1102,Python
emp_1103,ReinforcementLearning
emp_1103,Ansible
emp_1103,Azure
emp_1103,Python
emp_1103,R
emp_1104,Monitoring
emp_1104,AWS
emp_1104,Kubernetes
emp_1104,ReinforcementLearning
emp_1104,Java
emp_1105,Docker
emp_1105,ComputerVision
emp_1105,JavaScript
emp_1105,Python
emp_1106,Ansible
emp_1106,C++
emp_1106,Azure
emp_1106,CI/CD
emp_1107,Python
emp_1107,Kubernetes
emp_1108,ComputerVision
emp_1108,R
emp_1108,Docker
emp_1109,NaturalLanguageProcessing
emp_1109,Kubernetes
emp_1110,JavaScript
emp_1110,Ansible
emp_1110,Kubernetes
emp_1111,Java
emp_1111,Azure
emp_1112,ReinforcementLearning
emp_1112,Terraform
emp_1112,AWS
emp_1113,C++
emp_1113,Kubernetes
emp_1113,Ansible
emp_1113,R
emp_1113,CI/CD
emp_1114,DeepLearning
emp_1114,AWS
emp_1114,C++
emp_1114,ReinforcementLearning
emp_1114,CI/CD
emp_1115,DataVisualization
emp_1115,Ansible
emp_1115,NaturalLanguageProcessing
emp_1115,Azure
emp_1115,Terraform
emp_1116,SQL
emp_1116,Java
emp_1116,DeepLearning
emp_1116,CI/CD
emp_1117,ComputerVision
emp_1117,TypeScript
emp_1118,AWS
emp_1118,Kubernetes
emp_1118,Docker
emp_1118,Java
emp_1119,TypeScript
emp_1119,DeepLearning
emp_1119,Java
emp_1119,Azure
emp_1120,Monitoring
emp_1120,ReinforcementLearning
emp_1120,NaturalLanguageProcessing
emp_1120,DataVisualization
emp_1121,ReinforcementLearning
emp_1121,Kubernetes
emp_1121,C++
emp_1122,R
emp_1122,Docker
emp_1123,DeepLearning
emp_1123,ReinforcementLearning
emp_1123,Monitoring
emp_1123,Azure
emp_1124,Monitoring
emp_1124,Java
emp_1124,AWS
emp_1124,Python
emp_1125,ReinforcementLearning
emp_1125,SQL
emp_1125,Kubernetes
emp_1125,Ansible
emp_1125,C++
emp_1126,Ansible
emp_1126,TypeScript
emp_1126,Monitoring
emp_1127,ComputerVision
emp_1127,AWS
emp_1127,Azure
emp_1128,R
emp_1128,ComputerVision
emp_1128,Ansible
emp_1129,R
emp_1129,JavaScript
emp_1130,Kubernetes
emp_1130,R
emp_1131,CI/CD
emp_1131,ReinforcementLearning
emp_1131,SQL
emp_1132,JavaScript
emp_1132,CI/CD
emp_1132,R
emp_1132,Java
emp_1132,Terraform
emp_1133,Python
emp_1133,Azure
emp_1133,ReinforcementLearning
emp_1133,SQL
emp_1133,JavaScript
emp_1134,NaturalLanguageProcessing
emp_1134,JavaScript
emp_1134,Python
emp_1135,Docker
emp_1135,AWS
emp_1135,ReinforcementLearning
emp_1135,ComputerVision
emp_1135,Monitoring
emp_1136,CI/CD
emp_1136,C++
emp_1136,Monitoring
emp_1136,Kubernetes
emp_1136,DeepLearning
emp_1137,DeepLearning
emp_1137,Java
emp_1138,Java
emp_1138,Python
emp_1138,AWS
emp_1139,DeepLearning
emp_1139,DataVisualization
emp_1140,DeepLearning
emp_1140,Monitoring
emp_1141,AWS
emp_1141,DataVisualization
emp_1142,DataVisualization
emp_1142,AWS
emp_1143,Docker
emp_1143,Azure
emp_1143,Ansible
emp_1144,CI/CD
emp_1144,TypeScript
emp_1144,Azure
emp_1145,ComputerVision
emp_1145,Python
emp_1145,Ansible
emp_1145,Kubernetes
emp_1146,C++
emp_1146,Kubernetes
emp_1146,NaturalLanguageProcessing
emp_1146,Python
emp_1146,AWS
emp_1147,Monitoring
emp_1147,Docker
emp_1148,DataVisualization
emp_1148,TypeScript
emp_1148,ReinforcementLearning
emp_1148,DeepLearning
emp_1148,NaturalLanguageProcessing
emp_1149,SQL
emp_1149,ReinforcementLearning
emp_1149,Ansible
emp_1150,Docker
emp_1150,Terraform
emp_1150,AWS
emp_1150,TypeScript
emp_1150,Ansible
emp_1151,Azure
emp_1151,Kubernetes
emp_1151,CI/CD
emp_1151,TypeScript
emp_1152,SQL
emp_1152,C++
emp_1153,TypeScript
emp_1153,NaturalLanguageProcessing
emp_1153,DataVisualization
emp_1153,C++
emp_1154,Java
emp_1154,ReinforcementLearning
emp_1154,AWS
emp_1155,Docker
emp_1155,Kubernetes
emp_1155,Java
emp_1155,C++
emp_1156,Ansible
emp_1156,CI/CD
emp_1157,Ansible
emp_1157,Docker
emp_1157,Azure
emp_1157,ReinforcementLearning
emp_1157,NaturalLanguageProcessing
emp_1158,CI/CD
emp_1158,Azure
emp_1158,Terraform
emp_1159,Azure
emp_1159,ComputerVision
emp_1159,Monitoring
emp_1159,NaturalLanguageProcessing
emp_1159,JavaScript
emp_1160,Ansible
emp_1160,ReinforcementLearning
emp_1160,DeepLearning
emp_1160,TypeScript
emp_1161,NaturalLanguageProcessing
emp_1161,DeepLearning
emp_1161,AWS
emp_1161,SQL
emp_1162,ComputerVision
emp_1162,AWS
emp_1162,SQL
emp_1163,Azure
emp_1163,DataVisualization
emp_1164,DataVisualization
emp_1164,Java
emp_1164,C++
emp_1164,Ansible
emp_1165,Monitoring
emp_1165,Azure
emp_1165,Python
emp_1165,C++
emp_1166,AWS
emp_1166,SQL
emp_1166,C++
emp_1167,ComputerVision
emp_1167,Azure
emp_1167,JavaScript
emp_1167,Python
emp_1168,CI/CD
emp_1168,JavaScript
emp_1168,Kubernetes
emp_1169,JavaScript
emp_1169,C++
emp_1169,Ansible
emp_1169,Monitoring
emp_1169,NaturalLanguageProcessing
emp_1170,SQL
emp_1170,Azure
emp_1171,SQL
emp_1171,Terraform
emp_1171,Azure
emp_1171,DeepLearning
emp_1172,JavaScript
emp_1172,CI/CD
emp_1173,AWS
emp_1173,ReinforcementLearning
emp_1174,Kubernetes
emp_1174,DeepLearning
emp_1174,ReinforcementLearning
emp_1174,CI/CD
emp_1174,Ansible
emp_1175,Terraform
emp_1175,TypeScript
emp_1175,SQL
emp_1176,Azure
emp_1176,NaturalLanguageProcessing
emp_1176,TypeScript
emp_1176,R
emp_1177,SQL
emp_1177,ReinforcementLearning
emp_1178,ReinforcementLearning
emp_1178,TypeScript
emp_1178,NaturalLanguageProcessing
emp_1179,Azure
emp_1179,Java
emp_1180,Monitoring
emp_1180,JavaScript
emp_1180,ReinforcementLearning
emp_1180,C++
emp_1181,SQL
emp_1181,DataVisualization
emp_1181,Python
emp_1182,Azure
emp_1182,Monitoring
emp_1182,ReinforcementLearning
emp_1182,TypeScript
emp_1182,Docker
emp_1183,JavaScript
emp_1183,C++
emp_1184,JavaScript
emp_1184,ReinforcementLearning
emp_1184,Java
emp_1184,NaturalLanguageProcessing
emp_1185,Docker
emp_1185,SQL
emp_1186,Python
emp_1186,Docker
emp_1187,CI/CD
emp_1187,ComputerVision
emp_1187,Python
emp_1187,SQL
emp_1187,Docker
emp_1188,Azure
emp_1188,Java
emp_1188,ComputerVision
emp_1188,TypeScript
emp_1189,SQL
emp_1189,Kubernetes
emp_1189,Docker
emp_1189,Java
emp_1190,Python
emp_1190,DataVisualization
emp_1191,TypeScript
emp_1191,Kubernetes
emp_1191,DataVisualization
emp_1191,Terraform
emp_1191,ReinforcementLearning
emp_1192,ComputerVision
emp_1192,DeepLearning
emp_1192,AWS
emp_1192,ReinforcementLearning
emp_1192,Ansible
emp_1193,Monitoring
emp_1193,NaturalLanguageProcessing
emp_1193,Python
emp_1193,Kubernetes
emp_1194,SQL
emp_1194,Ansible
emp_1194,Terraform
emp_1194,R
emp_1194,CI/CD
emp_1195,DataVisualization
emp_1195,R
emp_1195,Python
emp_1195,C++
emp_1196,ReinforcementLearning
emp_1196,R
emp_1197,Docker
emp_1197,C++
emp_1198,CI/CD
emp_1198,TypeScript
emp_1198,R
emp_1199,CI/CD
emp_1199,Docker
emp_1199,Ansible
emp_1199,SQL
emp_1199,ComputerVision
emp_1200,Ansible
emp_1200,ComputerVision
emp_1201,ReinforcementLearning
emp_1201,Monitoring
emp_1201,TypeScript
emp_1201,DataVisualization
emp_1202,NaturalLanguageProcessing
emp_1202,DataVisualization
emp_1202,Azure
emp_1202,AWS
emp_1203,Azure
emp_1203,ComputerVision
emp_1203,Terraform
emp_1204,Java
emp_1204,DeepLearning
emp_1204,Terraform
emp_1204,ReinforcementLearning
emp_1205,Kubernetes
emp_1205,C++
emp_1206,SQL
emp_1206,R
emp_1207,ComputerVision
emp_1207,Ansible
emp_1207,DeepLearning
emp_1207,Docker
emp_1207,Monitoring
emp_1208,SQL
emp_1208,AWS
emp_1208,DeepLearning
emp_1208,ReinforcementLearning
emp_1208,Terraform
emp_1209,C++
emp_1209,TypeScript
emp_1209,Azure
emp_1209,DataVisualization
emp_1210,R
emp_1210,Terraform
emp_1211,DeepLearning
emp_1211,Java
emp_1211,Ansible
emp_1211,SQL
emp_1211,C++
emp_1212,JavaScript
emp_1212,ReinforcementLearning
emp_1213,C++
emp_1213,DeepLearning
emp_1213,DataVisualization
emp_1213,Terraform
emp_1214,C++
emp_1214,Terraform
emp_1214,DeepLearning
emp_1215,ComputerVision
emp_1215,DeepLearning
emp_1216,Azure
emp_1216,DeepLearning
emp_1216,Kubernetes
emp_1217,Monitoring
emp_1217,Java
emp_1217,TypeScript
emp_1218,AWS
emp_1218,Terraform
emp_1219,DataVisualization
emp_1219,JavaScript
emp_1219,Azure
emp_1219,Docker
emp_1220,Kubernetes
emp_1220,Terraform
emp_1220,CI/CD
emp_1220,ReinforcementLearning
emp_1221,Monitoring
emp_1221,TypeScript
emp_1221,AWS
emp_1221,ComputerVision
emp_1221,R
emp_1222,Azure
emp_1222,Terraform
emp_1222,R
emp_1223,DeepLearning
emp_1223,DataVisualization
emp_1223,JavaScript
emp_1224,DeepLearning
emp_1224,AWS
emp_1224,Ansible
emp_1224,Java
emp_1224,Azure
emp_1225,Monitoring
emp_1225,Java
emp_1225,TypeScript
emp_1225,NaturalLanguageProcessing
emp_1226,DataVisualization
emp_1226,R
emp_1227,Azure
emp_1227,DeepLearning
emp_1228,Ansible
emp_1228,R
emp_1228,NaturalLanguageProcessing
emp_1228,Kubernetes
emp_1229,Terraform
emp_1229,Java
emp_1230,Ansible
emp_1230,Monitoring
emp_1230,CI/CD
emp_1230,AWS
emp_1230,Python
emp_1231,NaturalLanguageProcessing
emp_1231,AWS
emp_1231,Ansible
emp_1232,Kubernetes
emp_1232,Ansible
emp_1232,Java
emp_1232,DeepLearning
emp_1233,Monitoring
emp_1233,NaturalLanguageProcessing
emp_1233,ReinforcementLearning
emp_1233,Azure
emp_1234,JavaScript
emp_1234,NaturalLanguageProcessing
emp_1234,Monitoring
emp_1234,Ansible
emp_1234,Terraform
emp_1235,Terraform
emp_1235,R
emp_1235,C++
emp_1235,DeepLearning
emp_1235,ComputerVision
emp_1236,JavaScript
emp_1236,Python
emp_1237,SQL
emp_1237,DataVisualization
emp_1237,Python
emp_1237,Monitoring
emp_1237,DeepLearning
emp_1238,Python
emp_1238,CI/CD
emp_1239,Terraform
emp_1239,DataVisualization
emp_1240,NaturalLanguageProcessing
emp_1240,Docker
emp_1240,Terraform
emp_1240,DeepLearning
emp_1241,ComputerVision
emp_1241,CI/CD
emp_1242,DataVisualization
emp_1242,R
emp_1243,ComputerVision
emp_1243,C++
emp_1243,Azure
emp_1243,SQL
emp_1243,NaturalLanguageProcessing
emp_1244,Docker
emp_1244,TypeScript
emp_1244,Azure
emp_1244,NaturalLanguageProcessing
emp_1244,Python
emp_1245,Ansible
emp_1245,NaturalLanguageProcessing
emp_1245,ReinforcementLearning
emp_1246,R
emp_1246,Java
emp_1246,DeepLearning
emp_1246,SQL
emp_1247,Ansible
emp_1247,CI/CD
emp_1247,Terraform
emp_1248,Monitoring
emp_1248,TypeScript
emp_1249,Ansible
emp_1249,Azure
emp_1249,DataVisualization
emp_1250,JavaScript
emp_1250,Kubernetes
emp_1250,ReinforcementLearning
emp_1251,Docker
emp_1251,ComputerVision
emp_1251,Monitoring
emp_1251,CI/CD
emp_1251,Ansible
emp_1252,C++
emp_1252,DataVisualization
emp_1252,SQL
emp_1252,Ansible
emp_1252,Monitoring
emp_1253,Kubernetes
emp_1253,Monitoring
emp_1253,ReinforcementLearning
emp_1253,ComputerVision
emp_1254,Ansible
emp_1254,TypeScript
emp_1254,R
emp_1255,Python
emp_1255,ReinforcementLearning
emp_1256,ReinforcementLearning
emp_1256,SQL
emp_1256,DeepLearning
emp_1256,C++
emp_1256,NaturalLanguageProcessing
emp_1257,CI/CD
emp_1257,Monitoring
emp_1257,Java
emp_1258,Terraform
emp_1258,DataVisualization
emp_1258,Azure
emp_1258,ReinforcementLearning
emp_1258,Kubernetes
emp_1259,Docker
emp_1259,JavaScript
emp_1260,TypeScript
emp_1260,SQL
emp_1260,Python
emp_1260,CI/CD
emp_1261,Ansible
emp_1261,Monitoring
emp_1262,JavaScript
emp_1262,Python
emp_1262,CI/CD
emp_1262,AWS
emp_1263,TypeScript
emp_1263,Kubernetes
emp_1263,DeepLearning
emp_1263,CI/CD
emp_1264,Kubernetes
emp_1264,Python
emp_1264,SQL
emp_1264,DeepLearning
emp_1264,R
emp_1265,ReinforcementLearning
emp_1265,Docker
emp_1265,Azure
emp_1265,Python
emp_1266,TypeScript
emp_1266,JavaScript
emp_1266,DataVisualization
emp_1266,Python
emp_1267,AWS
emp_1267,SQL
emp_1267,ReinforcementLearning
emp_1268,NaturalLanguageProcessing
emp_1268,DeepLearning
emp_1268,Terraform
emp_1269,NaturalLanguageProcessing
emp_1269,Docker
emp_1269,R
emp_1269,Azure
emp_1269,C++
emp_1270,Azure
emp_1270,ReinforcementLearning
emp_1270,Ansible
emp_1270,JavaScript
emp_1270,C++
emp_1271,AWS
emp_1271,ReinforcementLearning
emp_1271,Docker
emp_1272,Kubernetes
emp_1272,Python
emp_1273,Kubernetes
emp_1273,DeepLearning
emp_1274,R
emp_1274,Terraform
emp_1274,DeepLearning
emp_1274,NaturalLanguageProcessing
emp_1275,DataVisualization
emp_1275,R
emp_1275,AWS
emp_1275,TypeScript
emp_1275,SQL
emp_1276,SQL
emp_1276,R
emp_1276,ComputerVision
emp_1276,CI/CD
emp_1277,ComputerVision
emp_1277,TypeScript
emp_1277,Terraform
emp_1277,R
emp_1277,Python
emp_1278,Monitoring
emp_1278,Java
emp_1278,DataVisualization
emp_1278,Docker
emp_1279,DataVisualization
emp_1279,Azure
emp_1279,TypeScript
emp_1279,Terraform
emp_1280,Azure
emp_1280,ReinforcementLearning
emp_1280,DataVisualization
emp_1280,Ansible
emp_1280,Monitoring
emp_1281,C++
emp_1281,ReinforcementLearning
emp_1281,Python
emp_1282,Java
emp_1282,SQL
emp_1282,TypeScript
emp_1282,Terraform
emp_1283,AWS
emp_1283,CI/CD
emp_1283,R
emp_1283,C++
emp_1284,AWS
emp_1284,Kubernetes
emp_1284,C++
emp_1284,Java
emp_1285,DeepLearning
emp_1285,AWS
emp_1285,TypeScript
emp_1285,DataVisualization
emp_1286,C++
emp_1286,DataVisualization
emp_1286,Python
emp_1286,R
emp_1286,ReinforcementLearning
emp_1287,NaturalLanguageProcessing
emp_1287,Java
emp_1288,Terraform
emp_1288,ComputerVision
emp_1288,DeepLearning
emp_1288,CI/CD
emp_1289,Python
emp_1289,Terraform
emp_1289,Java
emp_1290,Docker
emp_1290,Kubernetes
emp_1290,C++
emp_1291,NaturalLanguageProcessing
emp_1291,DeepLearning
emp_1291,Monitoring
emp_1292,TypeScript
emp_1292,DeepLearning
emp_1292,Python
emp_1292,Azure
emp_1292,CI/CD
emp_1293,DeepLearning
emp_1293,AWS
emp_1293,ReinforcementLearning
emp_1294,ComputerVision
emp_1294,Monitoring
emp_1294,Ansible
emp_1294,CI/CD
emp_1295,ReinforcementLearning
emp_1295,Ansible
emp_1295,Java
emp_1296,C++
emp_1296,CI/CD
emp_1296,NaturalLanguageProcessing
emp_1296,Azure
emp_1297,AWS
emp_1297,Ansible
emp_1298,ComputerVision
emp_1298,DataVisualization
emp_1298,C++
emp_1298,AWS
emp_1298,TypeScript
emp_1299,Java
emp_1299,NaturalLanguageProcessing
emp_1299,TypeScript
emp_1300,JavaScript
emp_1300,DataVisualization
emp_1301,JavaScript
emp_1301,Docker
emp_1301,TypeScript
emp_1302,SQL
emp_1302,ComputerVision
emp_1302,ReinforcementLearning
emp_1302,Python
emp_1303,ComputerVision
emp_1303,SQL
emp_1303,Java
emp_1304,DeepLearning
emp_1304,TypeScript
emp_1304,AWS
emp_1305,DeepLearning
emp_1305,Kubernetes
emp_1305,C++
emp_1306,Terraform
emp_1306,TypeScript
emp_1306,Monitoring
emp_1307,JavaScript
emp_1307,TypeScript
emp_1307,CI/CD
emp_1307,ComputerVision
emp_1308,Java
emp_1308,SQL
emp_1309,Python
emp_1309,R
emp_1310,TypeScript
emp_1310,Python
emp_1310,CI/CD
emp_1310,Monitoring
emp_1310,SQL
emp_1311,ReinforcementLearning
emp_1311,C++
emp_1311,Azure
emp_1311,AWS
emp_1312,SQL
emp_1312,Azure
emp_1312,CI/CD
emp_1313,TypeScript
emp_1313,JavaScript
emp_1313,R
emp_1313,Kubernetes
emp_1314,NaturalLanguageProcessing
emp_1314,Kubernetes
emp_1314,C++
emp_1314,Python
emp_1314,SQL
emp_1315,R
emp_1315,Monitoring
emp_1315,ReinforcementLearning
emp_1315,JavaScript
emp_1316,Monitoring
emp_1316,Python
emp_1316,ComputerVision
emp_1316,Docker
emp_1316,DataVisualization
emp_1317,Azure
emp_1317,C++
emp_1317,Monitoring
emp_1317,Docker
emp_1318,ComputerVision
emp_1318,Ansible
emp_1318,SQL
emp_1319,Python
emp_1319,AWS
emp_1319,ReinforcementLearning
emp_1319,SQL
emp_1320,Monitoring
emp_1320,TypeScript
emp_1320,R
emp_1320,Python
emp_1321,ComputerVision
emp_1321,SQL
emp_1321,Ansible
emp_1322,Kubernetes
emp_1322,ComputerVision
emp_1323,C++
emp_1323,TypeScript
emp_1323,Kubernetes
emp_1323,Azure
emp_1323,ReinforcementLearning
emp_1324,Java
emp_1324,Monitoring
emp_1324,TypeScript
emp_1324,Docker
emp_1324,Azure
emp_1325,Python
emp_1325,AWS
emp_1325,SQL
emp_1326,AWS
emp_1326,ReinforcementLearning
emp_1326,Terraform
emp_1326,C++
emp_1326,Docker
emp_1327,JavaScript
emp_1327,Docker
emp_1327,C++
emp_1327,R
emp_1328,Python
emp_1328,NaturalLanguageProcessing
emp_1328,R
emp_1328,JavaScript
emp_1329,Ansible
emp_1329,Azure
emp_1330,CI/CD
emp_1330,NaturalLanguageProcessing
emp_1330,AWS
emp_1330,DeepLearning
emp_1331,AWS
emp_1331,Monitoring
emp_1332,TypeScript
emp_1332,JavaScript
emp_1333,DeepLearning
emp_1333,Docker
emp_1334,SQL
emp_1334,ComputerVision
emp_1334,C++
emp_1335,DeepLearning
emp_1335,Kubernetes
emp_1335,ReinforcementLearning
emp_1335,AWS
emp_1335,R
emp_1336,Python
emp_1336,Ansible
emp_1336,Docker
emp_1336,CI/CD
emp_1337,DeepLearning
emp_1337,ComputerVision
emp_1337,R
emp_1337,CI/CD
emp_1337,SQL
emp_1338,DeepLearning
emp_1338,AWS
emp_1338,R
emp_1338,CI/CD
emp_1338,C++
emp_1339,AWS
emp_1339,Terraform
emp_1339,Docker
emp_1339,ReinforcementLearning
emp_1340,Ansible
emp_1340,JavaScript
emp_1341,Python
emp_1341,ComputerVision
emp_1342,Python
emp_1342,NaturalLanguageProcessing
emp_1343,ComputerVision
emp_1343,DataVisualization
emp_1343,Azure
emp_1343,R
emp_1343,SQL
emp_1344,Python
emp_1344,AWS
emp_1344,SQL
emp_1344,Kubernetes
emp_1345,R
emp_1345,Python
emp_1345,Azure
emp_1345,AWS
emp_1346,Docker
emp_1346,Ansible
emp_1346,Monitoring
emp_1346,Terraform
emp_1346,JavaScript
emp_1347,SQL
emp_1347,Terraform
emp_1347,R
emp_1347,C++
emp_1347,Docker
emp_1348,ComputerVision
emp_1348,CI/CD
emp_1348,R
emp_1348,AWS
emp_1349,DeepLearning
emp_1349,ReinforcementLearning
emp_1349,CI/CD
emp_1349,Python
emp_1350,Docker
emp_1350,Ansible
emp_1350,Java
emp_1350,DeepLearning
emp_1351,Python
emp_1351,C++
emp_1352,Python
emp_1352,Docker
emp_1353,NaturalLanguageProcessing
emp_1353,JavaScript
emp_1353,Ansible
emp_1354,AWS
emp_1354,Docker
emp_1354,Kubernetes
emp_1355,DataVisualization
emp_1355,CI/CD
emp_1356,AWS
emp_1356,Ansible
emp_1356,Java
emp_1356,NaturalLanguageProcessing
emp_1356,Python
emp_1357,Ansible
emp_1357,SQL
emp_1357,Monitoring
emp_1358,SQL
emp_1358,Docker
emp_1358,JavaScript
emp_1358,Java
emp_1359,SQL
emp_1359,R
emp_1360,ComputerVision
emp_1360,Python
emp_1360,DataVisualization
emp_1360,R
emp_1361,Terraform
emp_1361,Docker
emp_1361,NaturalLanguageProcessing
emp_1362,TypeScript
emp_1362,Terraform
emp_1363,JavaScript
emp_1363,DataVisualization
emp_1363,ReinforcementLearning
emp_1363,Java
emp_1363,SQL
emp_1364,Azure
emp_1364,C++
emp_1364,Java
emp_1364,ComputerVision
emp_1365,Monitoring
emp_1365,Python
emp_1365,DataVisualization
emp_1366,Monitoring
emp_1366,Java
emp_1367,TypeScript
emp_1367,R
emp_1367,DeepLearning
emp_1368,ComputerVision
emp_1368,Kubernetes
emp_1368,Java
emp_1368,Python
emp_1368,C++
emp_1369,Java
emp_1369,TypeScript
emp_1369,DeepLearning
emp_1369,AWS
emp_1370,CI/CD
emp_1370,ReinforcementLearning
emp_1370,JavaScript
emp_1370,ComputerVision
emp_1370,Docker
emp_1371,Python
emp_1371,Kubernetes
emp_1372,JavaScript
emp_1372,NaturalLanguageProcessing
emp_1372,TypeScript
emp_1372,Java
emp_1372,C++
emp_1373,AWS
emp_1373,ReinforcementLearning
emp_1373,JavaScript
emp_1373,CI/CD
emp_1373,Docker
emp_1374,ReinforcementLearning
emp_1374,Python
emp_1374,C++
emp_1374,Java
emp_1375,Kubernetes
emp_1375,Ansible
emp_1376,C++
emp_1376,DeepLearning
emp_1376,JavaScript
emp_1376,Azure
emp_1376,Ansible
emp_1377,Docker
emp_1377,DeepLearning
emp_1377,Monitoring
emp_1377,AWS
emp_1377,C++
emp_1378,Python
emp_1378,Azure
emp_1378,Docker
emp_1378,C++
emp_1379,Azure
emp_1379,DeepLearning
emp_1379,ReinforcementLearning
emp_1379,Docker
emp_1380,DataVisualization
emp_1380,Python
emp_1380,ComputerVision
emp_1380,ReinforcementLearning
emp_1380,SQL
emp_1381,AWS
emp_1381,Docker
emp_1381,JavaScript
emp_1381,DataVisualization
emp_1381,Terraform
emp_1382,Docker
emp_1382,DeepLearning
emp_1382,SQL
emp_1382,ReinforcementLearning
emp_1383,Azure
emp_1383,C++
emp_1383,Java
emp_1383,NaturalLanguageProcessing
emp_1384,C++
emp_1384,ReinforcementLearning
emp_1385,Azure
emp_1385,CI/CD
emp_1385,Terraform
emp_1385,DataVisualization
emp_1386,R
emp_1386,C++
emp_1386,AWS
emp_1386,Python
emp_1386,Terraform
emp_1387,Azure
emp_1387,AWS
emp_1387,NaturalLanguageProcessing
emp_1388,SQL
emp_1388,AWS
emp_1388,Ansible
emp_1388,JavaScript
emp_1388,Kubernetes
emp_1389,NaturalLanguageProcessing
emp_1389,Kubernetes
emp_1389,DataVisualization
emp_1390,Ansible
emp_1390,C++
emp_1390,Kubernetes
emp_1390,Java
emp_1390,TypeScript
emp_1391,Kubernetes
emp_1391,Docker
emp_1391,JavaScript
emp_1391,SQL
emp_1392,Java
emp_1392,AWS
emp_1392,Monitoring
emp_1393,TypeScript
emp_1393,Terraform
emp_1394,Azure
emp_1394,Monitoring
emp_1394,Kubernetes
emp_1394,JavaScript
emp_1395,Monitoring
emp_1395,Docker
emp_1395,C++
emp_1396,DataVisualization
emp_1396,Java
emp_1396,Terraform
emp_1396,SQL
emp_1396,Ansible
emp_1397,R
emp_1397,Monitoring
emp_1397,ReinforcementLearning
emp_1397,Azure
emp_1397,Python
emp_1398,Docker
emp_1398,R
emp_1398,C++
emp_1398,AWS
emp_1398,Kubernetes
emp_1399,DataVisualization
emp_1399,Java
emp_1399,TypeScript
emp_1399,JavaScript
emp_1399,Azure
emp_1400,Azure
emp_1400,NaturalLanguageProcessing
emp_1400,Terraform
emp_1400,Kubernetes
emp_1400,JavaScript
emp_1401,Ansible
emp_1401,C++
emp_1401,Monitoring
emp_1401,Terraform
emp_1401,R
emp_1402,Monitoring
emp_1402,CI/CD
emp_1402,ComputerVision
emp_1403,Python
emp_1403,Ansible
emp_1403,TypeScript
emp_1404,Monitoring
emp_1404,Java
emp_1405,Docker
emp_1405,DataVisualization
emp_1405,Python
emp_1405,TypeScript
emp_1405,R
emp_1406,NaturalLanguageProcessing
emp_1406,R
emp_1407,DataVisualization
emp_1407,Python
emp_1407,JavaScript
emp_1407,CI/CD
emp_1407,ReinforcementLearning
emp_1408,ComputerVision
emp_1408,NaturalLanguageProcessing
emp_1408,DeepLearning
emp_1408,C++
emp_1408,TypeScript
emp_1409,Terraform
emp_1409,ReinforcementLearning
emp_1409,Monitoring
emp_1409,NaturalLanguageProcessing
emp_1410,Java
emp_1410,DeepLearning
emp_1410,Docker
emp_1410,Monitoring
emp_1411,SQL
emp_1411,AWS
emp_1412,C++
emp_1412,Kubernetes
emp_1412,SQL
emp_1412,DataVisualization
emp_1413,Kubernetes
emp_1413,ComputerVision
emp_1414,Kubernetes
emp_1414,Azure
emp_1414,JavaScript
emp_1414,Monitoring
emp_1415,Monitoring
emp_1415,DeepLearning
emp_1415,SQL
emp_1415,Terraform
emp_1416,Ansible
emp_1416,Docker
emp_1416,Azure
emp_1416,Terraform
emp_1417,TypeScript
emp_1417,JavaScript
emp_1417,Azure
emp_1417,SQL
emp_1418,Java
emp_1418,AWS
emp_1418,DataVisualization
emp_1418,NaturalLanguageProcessing
emp_1419,SQL
emp_1419,Ansible
emp_1419,NaturalLanguageProcessing
emp_1419,AWS
emp_1420,TypeScript
emp_1420,Python
emp_1420,Docker
emp_1420,SQL
emp_1420,Kubernetes
emp_1421,CI/CD
emp_1421,TypeScript
emp_1421,Python
emp_1422,Kubernetes
emp_1422,DataVisualization
emp_1423,AWS
emp_1423,ReinforcementLearning
emp_1423,R
emp_1424,CI/CD
emp_1424,DataVisualization
emp_1425,Java
emp_1425,ReinforcementLearning
emp_1426,Terraform
emp_1426,Monitoring
emp_1426,Ansible
emp_1426,ComputerVision
emp_1427,DataVisualization
emp_1427,AWS
emp_1427,Python
emp_1428,Python
emp_1428,DeepLearning
emp_1428,AWS
emp_1428,Terraform
emp_1428,ComputerVision
emp_1429,CI/CD
emp_1429,Azure
emp_1429,DeepLearning
emp_1430,Ansible
emp_1430,Monitoring
emp_1430,TypeScript
emp_1431,Kubernetes
emp_1431,ComputerVision
emp_1432,JavaScript
emp_1432,ComputerVision
emp_1433,Monitoring
emp_1433,TypeScript
emp_1433,Azure
emp_1434,ReinforcementLearning
emp_1434,JavaScript
emp_1434,R
emp_1434,Ansible
emp_1434,NaturalLanguageProcessing
emp_1435,Python
emp_1435,Kubernetes
emp_1435,CI/CD
emp_1435,TypeScript
emp_1435,Azure
emp_1436,Kubernetes
emp_1436,AWS
emp_1436,Terraform
emp_1437,TypeScript
emp_1437,NaturalLanguageProcessing
emp_1437,Kubernetes
emp_1438,ComputerVision
emp_1438,C++
emp_1438,Azure
emp_1439,Terraform
emp_1439,Python
emp_1439,R
emp_1439,ReinforcementLearning
emp_1440,CI/CD
emp_1440,Azure
emp_1440,Kubernetes
emp_1440,Monitoring
emp_1441,Ansible
emp_1441,SQL
emp_1441,Kubernetes
emp_1442,Python
emp_1442,Monitoring
emp_1442,Ansible
emp_1442,Kubernetes
emp_1442,TypeScript
emp_1443,TypeScript
emp_1443,Azure
emp_1443,Docker
emp_1443,SQL
emp_1444,JavaScript
emp_1444,Azure
emp_1444,C++
emp_1444,Java
emp_1445,C++
emp_1445,Docker
emp_1446,NaturalLanguageProcessing
emp_1446,R
emp_1446,Ansible
emp_1446,AWS
emp_1447,C++
emp_1447,Java
emp_1447,Kubernetes
emp_1447,R
emp_1448,AWS
emp_1448,ReinforcementLearning
emp_1448,ComputerVision
emp_1448,DataVisualization
emp_1448,Python
emp_1449,Java
emp_1449,TypeScript
emp_1450,DeepLearning
emp_1450,ReinforcementLearning
emp_1450,Monitoring
emp_1450,Kubernetes
emp_1450,AWS
emp_1451,TypeScript
emp_1451,SQL
emp_1452,SQL
emp_1452,Monitoring
emp_1452,Azure
emp_1452,R
emp_1452,ComputerVision
emp_1453,Terraform
emp_1453,CI/CD
emp_1453,Azure
emp_1453,NaturalLanguageProcessing
emp_1454,Docker
emp_1454,JavaScript
emp_1454,R
emp_1454,Python
emp_1455,Docker
emp_1455,Kubernetes
emp_1455,R
emp_1455,AWS
emp_1455,CI/CD
emp_1456,C++
emp_1456,Monitoring
emp_1457,CI/CD
emp_1457,Docker
emp_1458,DeepLearning
emp_1458,CI/CD
emp_1458,Kubernetes
emp_1458,TypeScript
emp_1458,Azure
emp_1459,Terraform
emp_1459,ReinforcementLearning
emp_1460,Ansible
emp_1460,JavaScript
emp_1461,AWS
emp_1461,JavaScript
emp_1461,Ansible
emp_1461,SQL
emp_1461,Kubernetes
emp_1462,JavaScript
emp_1462,CI/CD
emp_1462,C++
emp_1462,NaturalLanguageProcessing
emp_1463,Monitoring
emp_1463,Java
emp_1464,Kubernetes
emp_1464,C++
emp_1464,SQL
emp_1465,Terraform
emp_1465,JavaScript
emp_1465,R
emp_1465,Docker
emp_1466,R
emp_1466,Azure
emp_1466,Python
emp_1467,SQL
emp_1467,Terraform
emp_1468,DataVisualization
emp_1468,R
emp_1468,Ansible
emp_1468,Azure
emp_1469,DataVisualization
emp_1469,R
emp_1469,Docker
emp_1469,NaturalLanguageProcessing
emp_1470,Java
emp_1470,NaturalLanguageProcessing
emp_1471,JavaScript
emp_1471,Monitoring
emp_1472,Ansible
emp_1472,ReinforcementLearning
emp_1472,ComputerVision
emp_1472,Python
emp_1472,Monitoring
emp_1473,TypeScript
emp_1473,Docker
emp_1474,ComputerVision
emp_1474,CI/CD
emp_1474,Docker
emp_1475,JavaScript
emp_1475,NaturalLanguageProcessing
emp_1476,Java
emp_1476,ReinforcementLearning
emp_1476,Docker
emp_1476,Terraform
emp_1476,Azure
emp_1477,DataVisualization
emp_1477,ComputerVision
emp_1477,Java
emp_1477,TypeScript
emp_1478,DeepLearning
emp_1478,SQL
emp_1478,DataVisualization
emp_1478,Python
emp_1479,SQL
emp_1479,TypeScript
emp_1479,DeepLearning
emp_1480,Docker
emp_1480,C++
emp_1480,Python
emp_1480,Ansible
emp_1481,Python
emp_1481,Docker
emp_1481,ReinforcementLearning
emp_1482,R
emp_1482,Azure
emp_1482,Java
emp_1482,Docker
emp_1482,AWS
emp_1483,NaturalLanguageProcessing
emp_1483,TypeScript
emp_1483,DeepLearning
emp_1483,SQL
emp_1484,Monitoring
emp_1484,CI/CD
emp_1484,Python
emp_1484,Terraform
emp_1484,ReinforcementLearning
emp_1485,ComputerVision
emp_1485,C++
emp_1485,Monitoring
emp_1486,C++
emp_1486,Terraform
emp_1486,JavaScript
emp_1486,SQL
emp_1486,NaturalLanguageProcessing
emp_1487,SQL
emp_1487,Kubernetes
emp_1487,Terraform
emp_1487,Docker
emp_1488,Ansible
emp_1488,R
emp_1488,SQL
emp_1488,DataVisualization
emp_1488,Terraform
emp_1489,ReinforcementLearning
emp_1489,Java
emp_1490,AWS
emp_1490,Python
emp_1490,Azure
emp_1491,SQL
emp_1491,Kubernetes
emp_1491,C++
emp_1491,Docker
emp_1492,Java
emp_1492,DeepLearning
emp_1493,SQL
emp_1493,DeepLearning
emp_1494,Kubernetes
emp_1494,NaturalLanguageProcessing
emp_1494,TypeScript
emp_1494,Terraform
emp_1494,Docker
emp_1495,JavaScript
emp_1495,R
emp_1495,Monitoring
emp_1495,AWS
emp_1495,Terraform
emp_1496,Kubernetes
emp_1496,Python
emp_1496,AWS
emp_1496,Monitoring
emp_1497,Kubernetes
emp_1497,CI/CD
emp_1498,NaturalLanguageProcessing
emp_1498,Terraform
emp_1498,SQL
emp_1498,ReinforcementLearning
emp_1498,DataVisualization
emp_1499,SQL
emp_1499,Docker
emp_1499,Azure
emp_1499,JavaScript
